department,satisfaction,monthly_hours,years_at_company,salary_band,overtime,left_company
sales,0.737,186.2,5,high,0,0
engineering,0.365,169.2,10,medium,0,0
engineering,0.817,138.9,14,low,1,0
operations,0.946,112.0,7,high,0,0
sales,0.838,187.9,8,medium,0,0
support,0.137,119.5,9,low,0,0
engineering,0.692,174.0,7,high,1,0
support,0.416,150.8,7,medium,0,1
operations,0.746,171.7,8,medium,1,1
operations,0.714,176.2,1,medium,0,0
operations,0.998,206.9,11,low,1,0
operations,0.186,140.6,7,low,1,1
sales,0.414,192.4,12,medium,0,0
sales,0.593,241.5,4,high,0,0
operations,0.489,214.8,2,high,0,0
engineering,0.738,165.6,13,low,0,0
engineering,0.219,144.3,10,low,1,0
operations,0.614,132.6,8,low,0,1
support,0.501,186.8,5,high,1,0
support,0.874,180.6,8,low,1,0
support,0.159,148.3,1,low,1,1
sales,0.104,161.3,5,medium,0,0
engineering,0.142,170.9,13,low,1,1
support,0.167,126.1,13,medium,0,0
sales,0.988,113.3,1,low,0,0
sales,0.275,153.7,6,high,1,1
operations,0.527,199.8,8,medium,1,0
sales,0.943,165.8,13,medium,1,0
support,0.946,135.7,6,high,0,0
support,0.281,175.8,8,low,0,0
engineering,0.209,222.1,14,low,0,0
sales,0.865,,12,low,0,0
sales,0.467,181.4,14,low,0,0
engineering,0.923,211.2,10,medium,0,0
engineering,0.385,141.1,0,medium,1,1
engineering,0.141,165.0,13,low,0,0
operations,0.715,128.5,8,medium,1,0
sales,0.891,154.9,8,medium,1,0
sales,0.137,174.6,11,low,0,1
engineering,0.402,134.7,0,low,1,1
operations,0.526,182.7,7,medium,0,0
engineering,0.813,,14,low,0,1
support,0.892,210.7,4,high,0,0
sales,0.14,159.9,5,medium,0,1
sales,0.949,169.5,12,low,0,0
operations,0.95,213.8,13,medium,1,0
operations,0.82,164.6,14,low,0,0
sales,0.223,186.5,9,low,0,0
engineering,0.518,213.8,1,high,0,0
engineering,0.327,194.1,8,medium,0,0
operations,0.193,170.9,8,medium,0,0
support,0.212,149.1,10,low,1,1
sales,0.114,190.7,11,low,0,0
sales,0.92,200.8,12,high,0,0
sales,0.49,198.1,5,low,0,1
sales,0.328,175.7,7,high,1,1
engineering,0.242,173.2,5,low,1,1
sales,0.219,104.9,8,low,1,0
engineering,0.769,193.0,10,low,0,0
sales,0.368,124.1,10,high,0,0
sales,0.609,153.9,4,high,0,0
sales,0.337,117.2,12,low,1,1
operations,0.697,172.0,2,low,1,1
support,0.64,197.4,13,medium,0,0
operations,0.547,207.1,8,high,1,0
sales,0.143,119.5,3,high,1,1
sales,0.679,103.7,3,medium,0,1
engineering,0.666,189.1,10,low,0,0
engineering,0.239,149.3,11,low,1,1
operations,0.454,183.6,0,low,1,0
engineering,0.546,197.0,13,low,0,0
sales,0.818,152.3,7,medium,0,0
support,0.275,152.3,14,medium,1,1
support,0.402,159.2,12,high,0,1
operations,0.809,191.4,10,low,0,0
sales,0.944,115.4,13,medium,0,0
sales,0.106,180.0,0,medium,0,1
engineering,0.352,158.7,9,low,0,1
sales,0.266,179.9,12,high,0,0
operations,0.346,175.3,7,medium,0,0
engineering,0.294,191.6,5,low,0,0
sales,0.448,179.2,11,medium,0,0
operations,0.332,184.1,14,medium,0,0
support,0.859,150.0,2,low,0,0
engineering,0.891,200.3,4,medium,1,0
operations,0.496,168.7,0,medium,0,1
engineering,0.825,164.6,11,medium,0,0
support,0.652,130.1,1,medium,0,0
operations,0.123,181.9,1,low,1,1
engineering,0.11,185.4,14,medium,0,0
operations,0.777,127.9,6,low,0,0
engineering,0.429,171.4,10,low,0,0
operations,0.307,142.2,9,medium,0,0
operations,0.79,86.6,4,medium,0,0
operations,0.682,183.2,9,medium,0,0
sales,0.527,172.7,5,medium,0,0
sales,0.881,193.4,8,low,1,0
engineering,0.898,223.4,14,medium,0,0
sales,0.55,162.6,2,low,0,0
engineering,0.128,145.7,12,medium,0,1
sales,0.517,168.1,10,high,0,0
operations,0.318,235.5,6,medium,0,1
operations,0.867,180.9,4,medium,1,0
operations,0.48,192.4,2,medium,0,0
sales,0.229,149.5,9,low,0,1
engineering,0.165,171.5,12,medium,0,1
engineering,0.693,146.0,1,low,0,0
sales,0.401,132.5,0,low,0,0
operations,0.482,131.5,5,high,0,0
support,0.808,139.8,8,medium,0,0
sales,0.898,,7,low,0,0
sales,0.835,217.2,14,low,0,0
engineering,0.341,216.2,2,medium,0,0
engineering,0.194,166.5,0,low,1,1
sales,0.156,203.1,5,low,0,1
support,0.43,137.3,14,medium,0,0
engineering,0.577,159.9,11,low,1,0
support,0.628,108.7,13,medium,1,0
sales,0.119,186.3,9,medium,0,0
operations,0.153,219.3,5,high,0,1
support,0.666,188.4,6,medium,0,0
sales,0.397,156.3,8,medium,0,1
operations,0.994,174.9,3,medium,0,0
operations,0.935,160.8,14,low,1,1
engineering,0.403,138.5,4,low,1,1
operations,0.458,177.1,8,medium,0,0
sales,0.41,158.9,11,medium,0,0
support,0.303,161.9,0,medium,0,0
sales,0.389,182.6,14,medium,0,0
sales,0.372,165.6,1,medium,0,0
engineering,0.497,188.1,4,medium,0,0
support,0.196,,10,medium,0,0
sales,0.856,151.8,4,medium,0,0
sales,0.414,186.2,11,medium,1,0
operations,0.429,154.2,5,high,0,0
sales,0.481,213.9,11,high,0,0
engineering,0.967,191.6,7,low,1,0
engineering,0.167,124.6,12,medium,0,0
operations,0.486,182.9,0,high,0,1
support,0.448,178.5,3,high,1,0
engineering,0.204,201.6,4,low,0,1
support,0.522,151.9,11,low,0,0
sales,0.274,177.0,14,medium,0,0
engineering,0.339,262.0,10,medium,0,0
engineering,0.736,120.2,10,low,0,0
sales,0.569,202.2,13,low,1,0
sales,0.831,217.9,8,high,0,0
engineering,0.367,111.1,6,low,1,0
operations,0.842,181.0,8,low,1,0
engineering,0.816,144.6,13,high,1,0
sales,0.962,165.9,10,high,0,0
support,0.978,141.9,0,low,0,0
engineering,0.354,191.9,10,low,0,0
support,0.916,170.0,12,low,0,0
engineering,0.485,175.4,9,medium,1,0
engineering,0.342,211.9,12,high,0,1
sales,0.941,166.3,3,medium,0,0
operations,0.665,176.5,6,medium,0,0
engineering,0.502,170.2,6,medium,0,0
sales,0.98,174.0,0,low,1,0
operations,0.511,206.5,4,medium,1,1
support,0.95,188.2,0,low,1,0
operations,0.301,220.7,0,medium,0,0
engineering,0.889,186.9,4,low,0,0
engineering,0.943,182.9,14,medium,0,0
support,0.247,169.3,1,low,0,0
support,0.94,219.8,2,medium,0,0
engineering,0.418,124.4,14,medium,0,0
engineering,0.919,200.9,10,medium,0,0
sales,0.584,147.9,2,low,0,0
engineering,0.217,152.5,5,low,0,0
operations,0.337,228.2,12,medium,1,0
engineering,0.711,176.2,8,medium,0,0
support,0.545,,3,high,1,0
engineering,0.138,,6,low,0,1
sales,0.981,200.9,11,low,1,0
engineering,0.669,173.8,7,low,1,0
engineering,0.83,98.0,12,high,0,0
engineering,0.516,182.3,3,medium,0,0
support,0.439,190.7,13,low,0,1
engineering,0.541,225.1,2,medium,0,0
engineering,0.585,149.9,8,medium,0,0
operations,0.156,173.4,5,high,0,0
engineering,0.266,186.2,1,low,1,1
support,0.517,161.4,12,low,1,0
sales,0.793,164.7,8,low,0,0
sales,0.234,156.3,9,low,1,1
support,0.327,181.1,11,medium,0,0
engineering,0.546,216.6,7,low,0,0
engineering,0.605,150.8,10,medium,0,0
operations,0.72,140.3,11,low,1,0
sales,0.931,156.4,8,low,0,0
sales,0.262,161.7,8,high,0,0
support,0.903,188.9,13,medium,1,0
operations,0.596,175.2,9,medium,0,0
sales,0.872,186.0,7,low,0,0
operations,0.301,114.5,8,medium,1,1
operations,0.103,158.2,10,low,1,0
support,0.998,224.7,5,low,1,0
operations,0.367,226.4,14,high,0,0
engineering,0.17,162.2,3,medium,0,1
operations,0.956,202.1,12,high,0,0
engineering,0.802,181.4,1,low,0,0
operations,0.973,141.2,13,high,0,0
support,0.63,131.1,4,low,0,1
sales,0.762,170.3,12,low,0,0
support,0.668,140.3,5,low,0,0
engineering,0.774,123.8,10,medium,1,0
engineering,0.135,219.6,13,medium,0,0
support,0.264,196.7,2,low,0,1
engineering,0.27,179.8,4,low,1,1
sales,0.106,173.5,6,medium,1,1
sales,0.544,113.5,14,high,1,0
sales,0.564,165.5,0,low,0,1
engineering,0.525,189.9,13,low,1,0
engineering,0.381,195.6,2,medium,0,0
operations,0.544,195.9,9,medium,0,0
operations,0.469,195.3,7,medium,1,0
sales,0.283,59.9,7,high,0,0
support,0.742,101.1,0,medium,0,0
sales,0.941,160.5,13,medium,1,0
engineering,0.121,185.0,0,low,0,1
support,0.406,188.4,9,low,0,1
engineering,0.405,201.6,13,medium,1,0
sales,0.651,,3,low,0,0
engineering,0.39,206.6,14,medium,0,1
sales,0.865,176.6,1,low,0,0
operations,0.342,124.8,4,medium,0,0
operations,0.462,163.6,13,low,0,0
operations,0.774,167.4,0,medium,0,1
engineering,0.819,153.4,2,low,0,0
operations,0.414,170.4,7,medium,1,0
support,0.15,178.0,0,medium,1,1
support,0.154,163.8,6,low,0,0
engineering,0.312,144.4,6,low,1,0
sales,0.85,199.4,7,medium,0,0
sales,0.341,198.4,4,low,0,1
engineering,0.736,180.6,14,low,0,1
sales,0.484,142.6,8,low,0,0
sales,0.41,187.4,14,low,1,0
sales,0.937,,12,low,0,0
sales,0.467,139.0,0,medium,0,0
engineering,0.258,168.6,4,medium,0,0
engineering,0.118,177.4,1,low,0,0
sales,0.686,192.7,1,medium,1,1
engineering,0.888,179.3,13,medium,1,0
engineering,0.689,186.3,13,medium,0,0
sales,0.708,177.2,6,high,0,0
engineering,0.23,182.3,4,medium,0,1
support,0.399,167.0,1,medium,0,0
engineering,0.833,216.7,9,medium,1,0
support,0.816,205.7,9,low,0,0
sales,0.236,187.9,10,medium,1,0
sales,0.729,233.2,9,medium,1,0
operations,0.959,135.3,1,medium,0,0
sales,0.157,137.2,13,high,1,1
engineering,0.539,215.9,0,low,0,0
support,0.502,118.6,3,high,0,0
operations,0.392,201.1,8,high,0,0
sales,0.677,181.4,2,low,1,1
engineering,0.343,174.7,1,medium,0,1
sales,0.811,91.6,9,low,0,0
support,0.411,177.5,11,medium,0,1
engineering,0.171,149.9,14,medium,0,1
sales,0.836,160.2,0,low,0,1
operations,0.469,141.0,1,medium,0,0
support,0.716,136.6,14,low,0,0
support,0.159,151.9,2,medium,0,1
engineering,0.617,183.7,6,high,1,0
operations,0.348,128.6,4,high,0,0
sales,0.805,172.2,4,medium,0,0
support,0.292,212.0,6,medium,0,0
engineering,0.172,192.5,9,low,0,1
sales,0.589,124.4,0,medium,0,0
operations,0.38,140.3,13,low,0,0
support,0.869,272.3,0,low,0,0
engineering,0.773,176.5,9,medium,0,0
support,0.892,159.5,8,low,1,0
operations,0.819,186.5,10,low,0,0
operations,0.953,166.4,5,low,0,0
support,0.775,,5,low,0,0
operations,0.738,189.2,12,low,1,1
sales,0.248,160.0,7,high,0,0
support,0.747,146.5,6,low,0,0
engineering,0.342,205.3,0,low,1,1
sales,0.281,162.0,8,low,1,0
engineering,0.364,183.0,2,medium,1,0
engineering,0.435,216.4,1,low,1,0
sales,0.387,189.1,6,medium,0,0
operations,0.213,187.8,7,low,0,1
sales,0.654,142.0,10,medium,1,0
engineering,0.461,143.8,0,medium,0,0
engineering,0.345,172.3,3,medium,0,0
sales,0.979,160.3,9,low,0,1
engineering,0.992,189.6,0,high,0,0
engineering,0.274,153.5,14,medium,1,0
engineering,0.71,133.6,4,low,0,0
sales,0.576,239.3,11,medium,0,1
engineering,0.793,156.7,14,low,1,0
sales,0.873,174.0,13,medium,0,0
support,0.925,153.3,5,medium,0,0
engineering,0.325,138.0,2,low,0,1
engineering,0.215,130.6,3,medium,0,1
engineering,0.861,157.3,6,high,0,0
engineering,0.949,236.0,3,low,0,0
operations,0.231,128.7,4,low,1,1
sales,0.154,207.3,12,medium,0,1
engineering,0.694,160.0,1,medium,1,0
support,0.487,133.7,1,medium,0,1
engineering,0.854,,3,low,1,0
engineering,0.683,148.3,8,low,0,0
sales,0.662,131.0,14,low,0,0
sales,0.185,175.4,4,low,0,1
engineering,0.215,239.0,1,high,1,1
engineering,0.178,130.7,5,medium,0,0
engineering,0.162,161.9,4,medium,0,0
support,0.807,150.8,5,high,0,0
engineering,0.609,174.5,13,medium,0,0
operations,0.994,134.8,1,medium,0,0
operations,0.634,165.5,0,low,0,0
engineering,0.748,166.8,14,medium,1,0
engineering,0.368,198.1,13,low,0,1
sales,0.213,160.5,0,medium,0,0
sales,0.91,215.1,3,medium,0,0
support,0.772,204.5,8,high,0,0
support,0.753,196.8,8,medium,0,0
engineering,0.206,156.8,7,high,0,0
sales,0.401,,6,medium,1,0
engineering,0.684,159.1,1,low,0,1
operations,0.839,195.1,9,medium,1,0
support,0.812,186.0,1,low,0,0
operations,0.923,204.6,3,medium,0,0
sales,0.259,169.9,8,low,0,0
sales,0.911,202.5,8,medium,0,0
sales,0.299,195.6,0,medium,0,0
sales,0.705,98.4,5,low,1,0
sales,0.899,231.7,14,medium,0,0
operations,0.197,144.7,2,medium,0,1
sales,0.853,135.8,7,medium,0,0
support,0.69,203.1,10,low,1,0
support,0.24,133.2,6,medium,0,0
operations,0.232,203.4,6,medium,1,1
engineering,0.982,145.2,0,low,0,0
support,0.689,100.9,3,low,0,0
operations,0.306,216.0,0,medium,0,1
operations,0.774,192.6,2,low,0,0
support,0.587,233.1,3,low,1,0
support,0.683,178.4,10,high,0,0
engineering,0.183,97.9,11,medium,1,0
sales,0.858,190.3,0,low,0,0
operations,0.409,192.6,7,low,0,0
engineering,0.937,178.4,1,medium,0,0
sales,0.73,167.5,11,low,1,0
sales,0.61,108.9,6,medium,1,0
engineering,0.473,130.6,12,high,0,0
sales,0.948,173.6,10,high,0,0
operations,0.587,228.0,2,medium,1,1
operations,0.3,144.0,0,low,0,0
engineering,0.43,166.1,4,medium,0,0
operations,0.482,164.6,14,low,0,0
engineering,0.638,155.3,1,low,0,0
sales,0.682,191.0,13,high,0,0
engineering,0.262,147.4,0,low,1,1
sales,0.905,200.6,9,low,0,0
support,0.336,159.8,2,high,1,0
engineering,0.45,131.2,10,low,0,0
support,0.476,142.8,0,medium,0,0
engineering,0.182,186.0,3,medium,0,0
engineering,0.562,225.0,14,medium,0,0
support,0.124,201.9,4,medium,0,0
engineering,0.469,,12,medium,1,0
sales,0.246,155.3,6,medium,0,0
support,0.488,182.5,7,high,0,0
support,0.146,147.1,8,medium,0,0
support,0.64,217.4,2,low,0,0
engineering,0.262,243.0,9,high,0,1
engineering,0.763,164.2,11,medium,1,0
operations,0.223,237.4,9,low,0,0
engineering,0.453,141.6,6,medium,0,1
sales,0.536,136.4,6,low,0,0
operations,0.673,207.1,14,low,0,0
support,0.767,168.0,12,medium,0,0
sales,0.892,165.1,14,low,1,1
sales,0.192,203.7,8,medium,0,0
engineering,0.266,209.6,0,low,0,1
operations,0.599,194.4,9,medium,0,0
operations,0.292,225.9,8,medium,0,0
engineering,0.26,177.5,7,low,0,0
support,0.369,151.1,3,low,1,1
operations,0.523,163.7,14,low,1,0
sales,0.401,149.4,10,high,0,1
support,0.333,225.8,4,medium,0,1
sales,0.775,182.9,14,low,0,0
sales,0.426,163.1,6,low,1,1
support,0.278,190.7,6,low,0,0
engineering,0.422,185.2,3,low,0,0
engineering,0.809,87.3,7,low,0,0
support,0.748,198.4,8,medium,1,0
operations,0.395,212.9,5,medium,0,0
support,0.231,220.9,9,medium,0,1
support,0.108,190.1,7,low,1,1
support,0.973,169.1,3,low,1,0
sales,0.826,189.7,7,low,1,0
engineering,0.153,132.3,12,low,1,1
engineering,0.898,130.6,0,low,0,0
operations,0.544,188.1,5,high,1,1
sales,0.612,185.6,14,medium,0,0
operations,0.263,164.7,10,medium,0,0
operations,0.995,205.6,11,medium,0,0
sales,0.361,200.2,6,high,0,0
operations,0.852,157.5,11,medium,0,0
sales,0.262,231.8,9,low,0,0
sales,0.705,162.8,4,low,0,0
operations,0.788,,6,low,0,0
support,0.239,153.9,10,low,0,0
engineering,0.361,163.8,3,low,0,1
engineering,0.829,218.8,6,medium,1,0
support,0.524,224.8,14,low,0,0
engineering,0.836,157.8,10,medium,1,0
sales,0.877,159.6,12,low,0,0
sales,0.836,181.4,13,low,0,0
sales,0.774,,7,low,0,0
operations,0.561,202.8,6,low,0,0
sales,0.563,179.7,13,low,0,0
support,0.832,142.9,2,medium,1,0
operations,0.634,187.5,2,medium,0,0
operations,0.49,217.4,10,low,1,1
support,0.898,147.8,9,low,0,0
sales,0.636,170.5,2,medium,1,1
support,0.85,184.6,1,low,0,0
sales,0.739,217.8,6,medium,0,0
sales,0.131,188.9,7,high,0,0
operations,0.727,210.9,4,low,0,0
engineering,0.21,156.8,11,medium,0,1
operations,0.837,202.1,3,low,1,0
engineering,0.501,145.6,10,medium,1,0
engineering,0.682,196.4,5,low,1,0
operations,0.577,199.3,14,high,0,0
sales,0.665,147.5,4,medium,0,0
sales,0.398,162.5,13,medium,0,0
engineering,0.894,137.5,1,high,1,1
support,0.903,195.8,12,low,0,0
support,0.982,143.3,8,low,1,0
engineering,0.782,172.9,5,high,1,0
sales,0.362,153.0,8,medium,0,0
sales,0.91,206.4,10,medium,0,0
engineering,0.337,201.3,11,medium,1,1
engineering,0.797,196.4,10,low,0,0
engineering,0.102,192.8,1,low,0,1
support,0.774,183.4,8,low,0,0
operations,0.319,130.8,13,high,0,0
operations,0.798,174.3,6,medium,0,0
sales,0.887,183.1,9,medium,0,0
sales,0.978,139.0,14,low,0,0
sales,0.814,132.7,11,low,0,1
sales,0.94,166.6,1,low,0,0
engineering,0.225,111.6,12,low,0,1
engineering,0.295,194.4,7,low,0,0
sales,0.886,163.5,3,low,0,1
engineering,0.905,188.8,6,low,0,0
support,0.252,189.4,6,low,0,0
operations,0.174,165.4,7,high,0,0
sales,0.63,149.2,3,low,1,0
support,0.339,157.0,14,medium,0,0
operations,0.503,151.4,12,low,0,0
sales,0.735,194.8,13,medium,0,0
support,0.944,170.1,6,low,1,0
engineering,0.227,134.4,3,medium,0,1
support,0.528,209.8,0,medium,0,0
sales,0.264,158.1,8,low,0,1
engineering,0.952,144.6,11,medium,1,0
sales,0.862,193.9,9,medium,0,1
operations,0.205,193.8,1,high,0,0
engineering,0.667,189.2,6,medium,1,0
engineering,0.454,153.0,9,medium,1,0
sales,0.685,220.0,4,medium,1,0
operations,0.721,144.7,10,medium,1,0
engineering,0.44,219.9,1,low,0,0
engineering,0.486,,3,low,0,1
engineering,0.589,166.7,14,low,1,0
sales,0.395,170.3,12,low,0,1
engineering,0.319,180.4,6,medium,0,1
engineering,0.853,187.0,1,medium,0,0
sales,0.849,203.3,11,medium,0,0
sales,0.355,166.1,1,high,1,1
sales,0.781,187.0,13,low,1,0
sales,0.332,173.3,3,medium,0,1
operations,0.335,187.1,2,low,0,1
engineering,0.339,190.0,3,high,1,1
support,0.759,234.1,5,medium,0,0
engineering,0.445,137.3,0,low,0,1
engineering,0.376,173.5,12,medium,1,0
sales,0.265,147.8,0,medium,0,0
engineering,0.586,181.2,11,medium,0,0
engineering,0.229,195.3,14,medium,0,0
support,0.475,166.4,0,low,0,1
operations,0.983,195.2,9,medium,0,0
sales,0.523,203.1,6,medium,0,0
sales,0.845,167.7,7,high,0,0
sales,0.945,189.4,5,high,0,0
engineering,0.41,153.1,13,high,0,0
support,0.585,160.6,0,medium,0,0
support,0.426,198.2,10,low,0,0
support,0.416,126.7,0,medium,0,1
sales,0.976,187.7,2,medium,1,0
engineering,0.747,185.6,9,low,0,0
operations,0.106,195.7,7,medium,0,1
operations,0.13,152.1,12,medium,0,0
sales,0.734,202.0,11,medium,1,0
engineering,0.466,144.4,7,low,0,1
sales,0.369,135.2,10,high,0,1
support,0.67,203.6,12,medium,0,0
sales,0.144,157.6,13,low,0,0
sales,0.129,192.8,12,high,0,0
sales,0.787,186.0,1,low,1,1
sales,0.104,198.8,11,low,0,0
support,0.995,164.2,1,medium,0,0
engineering,0.159,148.7,10,low,0,0
support,0.118,162.5,13,low,1,0
support,0.882,180.5,2,low,1,1
support,0.382,216.6,13,low,0,0
engineering,0.178,181.8,0,low,0,1
support,0.425,160.9,1,medium,0,0
support,0.846,159.2,6,high,0,0
operations,0.648,,6,medium,0,0
sales,0.447,176.0,3,low,0,0
sales,0.469,160.0,11,low,1,0
engineering,0.7,172.9,13,low,0,0
operations,0.629,159.7,5,medium,0,0
sales,0.76,235.1,4,low,0,0
engineering,0.179,162.4,12,low,0,0
support,0.64,187.2,1,medium,0,0
support,0.598,146.0,4,medium,1,1
sales,0.679,197.1,11,low,1,0
engineering,0.862,176.5,0,high,0,0
sales,0.124,145.2,14,low,0,0
operations,0.956,162.7,8,low,0,0
engineering,0.277,195.9,13,high,1,1
sales,0.237,135.2,13,low,0,0
support,0.465,206.0,3,low,0,1
engineering,0.971,209.2,1,low,1,0
sales,0.297,188.1,4,low,0,1
engineering,0.434,157.7,1,low,0,0
engineering,0.379,132.7,6,medium,0,0
engineering,0.421,156.4,6,medium,0,0
sales,0.705,147.4,8,low,0,1
support,0.838,191.5,10,low,0,0
sales,0.136,208.6,13,low,0,0
support,0.889,167.3,5,medium,1,0
sales,0.57,154.3,4,low,1,1
engineering,0.892,193.1,3,high,1,0
sales,0.656,93.6,6,medium,0,0
engineering,0.738,119.3,10,medium,1,0
support,0.698,190.8,12,low,0,0
sales,0.807,146.4,5,low,0,0
engineering,0.66,130.9,5,medium,0,0
operations,0.792,148.2,11,low,0,0
engineering,0.226,173.1,3,medium,0,0
engineering,0.807,201.8,13,high,0,0
engineering,0.948,188.3,12,low,1,0
support,0.437,151.0,9,high,1,0
sales,0.961,206.8,7,medium,0,0
operations,0.103,168.8,3,low,0,1
support,0.949,180.1,8,low,0,0
support,0.112,161.1,6,low,0,1
sales,0.597,187.2,4,medium,0,1
sales,0.208,181.4,9,high,0,0
sales,0.236,157.5,6,high,0,1
support,0.752,178.4,4,medium,1,0
engineering,0.891,168.7,14,medium,0,0
support,0.821,169.7,8,medium,0,0
support,0.79,184.1,0,low,0,0
engineering,0.89,204.9,2,low,1,0
support,0.154,140.6,3,low,0,0
support,0.357,165.9,3,medium,0,0
operations,0.639,136.8,7,low,1,0
sales,0.673,209.8,12,low,1,0
operations,0.805,142.5,11,low,0,0
engineering,0.596,141.6,6,medium,0,0
support,0.933,108.1,12,medium,0,0
engineering,0.293,107.7,3,high,0,0
support,0.754,180.2,6,medium,0,0
support,0.942,147.2,4,high,0,0
sales,0.412,215.5,7,medium,0,0
support,0.448,147.6,14,high,1,0
operations,0.394,183.7,5,low,0,0
sales,0.156,196.0,6,medium,1,1
support,0.72,169.6,10,low,0,0
operations,0.847,146.2,0,medium,1,1
sales,0.486,142.6,7,low,1,0
operations,0.647,169.2,14,low,0,0
operations,0.923,201.7,2,medium,0,0
sales,0.809,235.2,14,medium,0,0
sales,0.389,239.3,0,low,1,0
sales,0.887,195.6,2,low,1,0
engineering,0.821,167.1,0,high,1,0
engineering,0.652,176.1,0,medium,1,1
sales,0.801,216.1,6,medium,1,0
engineering,0.707,192.5,12,medium,0,0
engineering,0.812,114.0,5,high,0,0
support,0.158,156.4,6,medium,0,0
operations,0.12,143.4,8,medium,0,0
sales,0.549,206.6,10,low,1,1
engineering,0.216,121.1,2,low,0,0
operations,0.146,178.6,7,low,1,1
engineering,0.964,192.1,6,low,0,0
engineering,0.477,182.3,13,high,0,0
operations,0.517,112.0,13,low,1,1
sales,0.809,160.0,4,low,0,0
engineering,0.861,198.6,2,low,0,0
sales,0.331,168.7,13,low,1,1
sales,0.156,173.7,8,medium,0,0
sales,0.875,168.7,0,high,0,1
sales,0.849,161.6,3,medium,0,0
support,0.137,151.2,10,low,0,1
engineering,0.783,162.0,9,low,1,0
operations,0.834,178.9,7,medium,1,0
sales,0.769,168.3,0,low,0,0
sales,0.677,162.7,11,low,0,0
sales,0.766,176.6,8,low,1,1
operations,0.408,158.5,5,low,0,0
engineering,0.716,183.2,14,medium,1,0
engineering,0.824,196.3,10,high,0,0
engineering,0.213,188.0,8,low,0,0
support,0.45,174.9,7,medium,0,0
sales,0.217,196.8,1,medium,1,0
support,0.195,157.9,8,medium,1,1
operations,0.805,112.2,13,medium,1,0
sales,0.665,123.4,5,medium,1,0
engineering,0.453,135.1,12,low,0,0
engineering,0.623,187.7,3,low,1,0
sales,0.205,156.4,5,medium,0,0
sales,0.344,161.3,9,medium,0,0
sales,0.483,174.9,4,low,0,1
sales,0.974,188.4,0,medium,0,0
engineering,0.583,196.4,14,low,0,0
operations,0.627,169.2,5,medium,0,0
support,0.958,215.8,9,high,0,0
engineering,0.3,167.2,13,high,0,0
operations,0.456,155.0,9,low,0,0
support,0.396,,7,low,0,0
sales,0.491,174.3,13,medium,0,0
sales,0.173,157.7,1,low,1,0
sales,0.96,220.0,6,low,1,0
sales,0.45,175.2,6,medium,0,0
engineering,0.73,142.1,4,high,0,0
support,0.471,139.6,0,low,0,1
sales,0.887,199.9,5,low,1,1
support,0.852,,5,low,1,1
support,0.704,156.8,8,low,0,0
support,0.564,109.1,7,medium,0,0
engineering,0.667,147.3,7,medium,1,1
operations,0.695,134.8,9,low,0,1
engineering,0.597,153.5,2,low,0,0
sales,0.969,161.1,12,low,1,1
support,0.335,181.9,1,high,1,0
sales,0.639,150.6,4,low,0,1
sales,0.269,188.4,2,medium,1,0
operations,0.341,255.7,8,medium,0,0
engineering,0.82,162.5,8,low,0,0
support,0.838,236.1,7,low,0,0
support,0.545,182.2,8,medium,0,0
operations,0.122,209.8,11,low,1,0
operations,0.605,192.7,1,medium,0,1
support,0.483,185.7,7,low,0,0
sales,0.123,181.4,10,low,0,1
operations,0.848,163.5,5,low,1,0
sales,0.388,168.6,12,medium,1,0
sales,0.141,190.6,5,high,0,0
support,0.649,184.8,4,low,0,0
operations,0.903,231.8,11,medium,0,0
operations,0.67,172.4,5,low,0,0
engineering,0.945,181.3,1,low,0,0
sales,0.473,125.5,9,low,0,1
support,0.602,111.7,4,medium,0,0
operations,0.914,190.2,4,low,0,0
engineering,0.687,167.5,8,low,0,0
operations,0.7,176.7,0,high,1,0
operations,0.45,196.0,11,medium,0,1
support,0.21,112.2,10,medium,0,0
sales,0.339,148.7,0,low,1,0
operations,0.24,150.0,1,low,0,1
operations,0.879,166.0,3,low,0,0
operations,0.833,168.9,9,low,0,0
engineering,0.232,171.7,14,low,1,0
engineering,0.794,146.4,4,medium,1,0
engineering,0.682,147.7,0,low,0,0
operations,0.764,132.7,0,medium,0,0
support,0.996,149.0,2,low,0,0
operations,0.301,179.4,2,high,0,0
engineering,0.912,184.1,10,low,0,0
engineering,0.722,183.6,14,medium,0,0
engineering,0.729,140.6,5,low,0,0
sales,0.107,140.9,5,low,0,1
engineering,0.291,215.9,10,medium,0,1
sales,0.141,143.4,10,high,0,0
engineering,0.799,239.7,13,medium,1,0
support,0.689,181.9,14,high,1,1
sales,0.626,131.9,7,high,0,0
operations,0.234,175.9,7,low,1,0
operations,0.742,198.6,4,low,0,0
sales,0.263,175.1,2,low,0,1
sales,0.358,138.5,3,medium,0,0
engineering,0.269,158.7,8,medium,0,0
sales,0.357,155.4,14,medium,1,0
operations,0.839,166.0,4,low,0,0
sales,0.318,138.0,2,low,0,0
sales,0.47,222.9,7,medium,0,0
engineering,0.576,149.4,12,medium,1,0
support,0.44,202.4,7,medium,0,0
operations,0.597,203.0,1,medium,0,0
engineering,0.74,164.1,10,medium,1,1
operations,0.64,139.2,4,low,1,0
engineering,0.309,169.9,7,medium,0,1
engineering,0.858,185.8,7,low,0,0
engineering,0.765,141.2,6,low,1,0
operations,0.589,199.9,7,low,0,0
support,0.209,139.9,1,low,0,1
sales,0.678,201.0,4,medium,0,0
engineering,0.47,148.4,13,low,0,0
support,0.807,127.8,2,low,1,0
operations,0.862,127.0,7,medium,0,0
engineering,0.354,156.8,14,medium,0,0
engineering,0.474,168.1,6,low,0,0
engineering,0.893,129.2,10,low,0,0
engineering,0.76,174.7,8,medium,1,0
operations,0.234,145.5,6,high,1,1
support,0.746,173.4,12,low,0,0
support,0.682,155.8,3,low,0,0
sales,0.256,218.5,3,medium,1,0
engineering,0.648,177.6,14,medium,0,0
support,0.79,192.8,2,medium,0,0
operations,0.249,196.1,7,medium,1,1
sales,0.743,167.2,13,high,0,0
engineering,0.941,176.2,12,medium,0,0
sales,0.734,139.7,10,medium,1,0
operations,0.465,190.8,4,medium,1,0
operations,0.808,125.2,5,low,0,0
support,0.971,204.9,4,medium,0,0
sales,0.812,203.6,14,low,0,0
operations,0.792,228.3,7,low,0,0
operations,0.705,,8,medium,0,1
sales,0.113,151.2,4,high,0,1
sales,0.974,183.5,10,medium,1,0
support,0.312,163.0,11,high,0,0
support,0.768,141.5,8,high,1,0
sales,0.524,143.5,0,medium,1,1
operations,0.523,176.3,0,low,0,0
engineering,0.616,204.4,5,medium,1,0
sales,0.33,186.2,0,medium,0,1
sales,0.244,167.0,3,low,0,0
engineering,0.672,163.0,7,medium,0,0
support,0.53,173.8,3,low,1,1
engineering,0.911,210.2,14,high,0,0
operations,0.603,162.7,3,low,0,0
sales,0.134,144.7,11,medium,0,0
sales,0.162,163.6,1,low,0,1
support,0.874,189.6,13,high,0,0
engineering,0.959,235.7,11,low,0,0
sales,0.538,166.3,4,low,1,0
sales,0.601,232.3,14,medium,1,0
operations,0.78,181.5,9,high,1,0
sales,0.104,181.2,3,low,0,1
support,0.135,161.9,3,medium,0,1
support,0.448,224.0,7,low,0,0
engineering,0.679,150.6,7,medium,0,0
sales,0.776,250.1,12,high,1,0
sales,0.869,185.4,11,low,1,0
engineering,0.201,148.3,8,low,0,0
engineering,0.603,174.9,5,high,0,0
engineering,0.643,125.6,14,medium,0,1
sales,0.928,214.9,8,medium,1,0
engineering,0.563,204.8,12,low,0,0
operations,0.588,156.9,6,low,0,0
engineering,0.587,186.6,12,low,0,0
support,0.614,144.5,1,medium,0,0
support,0.622,135.1,3,medium,1,0
support,0.881,130.1,7,medium,0,0
engineering,0.11,149.3,9,low,1,0
sales,0.616,190.4,5,low,0,0
engineering,0.219,152.0,11,medium,0,0
sales,0.194,156.2,1,medium,0,0
sales,0.62,158.7,14,medium,1,0
sales,0.199,201.6,4,low,0,1
engineering,0.473,133.0,1,high,1,0
engineering,0.391,189.8,1,low,0,0
support,0.168,201.2,7,medium,0,0
sales,0.619,162.2,12,low,0,0
sales,0.809,163.1,8,low,0,0
engineering,0.998,151.9,8,low,0,0
operations,0.942,154.3,3,high,1,1
operations,0.917,178.0,11,low,0,0
sales,0.154,153.4,6,medium,0,0
operations,0.231,137.5,14,low,1,1
operations,0.626,185.2,14,high,0,0
operations,0.638,224.2,11,low,0,0
sales,0.199,173.2,0,medium,0,0
operations,0.799,151.3,6,medium,0,0
engineering,0.16,203.0,13,low,0,1
engineering,0.334,159.3,0,low,0,0
engineering,0.908,209.0,1,high,1,0
engineering,0.702,199.4,7,low,1,0
sales,0.146,167.5,9,low,0,0
sales,0.472,173.5,6,medium,0,0
operations,0.837,151.4,0,medium,0,0
support,0.731,196.0,12,medium,0,0
support,0.18,149.2,14,medium,1,1
sales,0.332,101.6,9,medium,0,1
support,0.656,189.6,9,low,0,0
support,0.504,136.1,0,medium,1,0
support,0.329,127.9,3,low,0,1
operations,0.768,243.6,3,high,0,0
sales,0.851,159.1,3,medium,0,0
sales,0.494,145.4,4,medium,0,0
sales,0.711,,14,medium,1,0
support,0.968,161.4,5,high,0,0
sales,0.947,158.6,4,medium,1,0
operations,0.334,143.7,12,medium,0,0
support,0.926,208.5,11,medium,1,0
support,0.851,147.3,14,medium,0,0
engineering,0.963,154.5,3,medium,0,0
engineering,0.897,171.9,6,low,0,0
engineering,0.511,177.8,13,medium,0,0
engineering,0.554,185.5,5,high,0,1
sales,0.239,158.5,2,low,0,0
engineering,0.205,140.6,14,medium,1,1
support,0.535,152.5,5,low,0,0
sales,0.178,247.0,3,low,0,1
sales,0.877,111.6,4,low,0,0
operations,0.212,188.2,4,medium,1,1
engineering,0.986,162.0,12,low,1,0
engineering,0.656,178.3,4,low,0,0
operations,0.707,228.7,6,low,0,0
engineering,0.878,191.6,2,medium,0,0
operations,0.938,176.5,4,medium,0,0
sales,0.715,176.7,10,low,1,0
engineering,0.235,191.7,2,high,1,1
operations,0.525,161.8,14,low,0,0
engineering,0.624,125.9,12,low,0,0
support,0.256,160.8,8,low,1,1
engineering,0.142,167.8,11,medium,0,0
support,0.607,127.5,10,low,1,0
operations,0.525,136.6,9,low,1,1
engineering,0.219,177.8,9,low,1,0
sales,0.84,219.4,12,medium,0,0
sales,0.522,191.4,10,low,0,0
engineering,0.316,169.0,14,medium,0,0
sales,0.611,97.4,2,medium,0,0
engineering,0.5,183.6,13,medium,0,1
operations,0.729,173.0,7,medium,0,1
operations,0.394,111.8,13,high,1,1
operations,0.215,126.6,11,low,1,1
engineering,0.115,163.6,11,medium,0,0
engineering,0.228,166.3,11,low,0,0
engineering,0.806,174.8,6,low,0,0
sales,0.644,185.0,4,medium,0,0
engineering,0.632,187.7,1,medium,0,0
engineering,0.25,65.0,3,low,0,1
sales,0.529,179.6,1,medium,1,0
engineering,0.809,150.9,1,medium,0,0
operations,0.177,120.5,4,high,1,1
engineering,0.929,,1,low,1,0
engineering,0.961,191.7,13,high,0,0
operations,0.121,164.5,13,medium,1,1
support,0.375,187.8,3,low,0,1
engineering,0.448,158.0,6,low,0,0
operations,0.78,141.8,4,low,0,0
engineering,0.302,212.1,11,low,1,0
support,0.114,153.1,1,medium,1,1
engineering,0.684,186.6,12,low,0,0
engineering,0.405,149.3,3,medium,0,0
engineering,0.786,141.4,10,high,1,0
operations,0.282,234.7,1,medium,1,0
sales,0.786,176.9,3,medium,1,0
engineering,0.887,164.3,11,low,1,0
engineering,0.959,,4,medium,1,0
operations,0.895,206.6,1,low,0,1
operations,0.287,166.5,2,low,0,0
engineering,0.523,170.1,12,medium,0,1
operations,0.744,215.1,8,low,1,0
engineering,0.415,157.7,12,low,1,1
sales,0.445,170.9,7,low,0,0
sales,0.182,207.1,8,high,0,0
engineering,0.187,204.4,13,low,1,1
support,0.698,221.1,5,high,1,0
support,0.314,222.9,11,low,1,1
engineering,0.548,189.6,3,low,0,0
operations,0.252,185.0,6,low,1,1
support,0.705,174.7,6,medium,0,1
engineering,0.548,165.5,13,medium,1,0
operations,0.904,215.9,12,medium,1,0
operations,0.929,194.2,8,low,0,1
sales,0.708,200.6,7,medium,0,0
operations,0.413,161.9,9,medium,0,0
engineering,0.715,156.6,9,low,0,0
engineering,0.168,128.4,1,low,0,1
engineering,0.181,188.3,6,medium,1,0
support,0.959,107.4,5,medium,0,1
operations,0.233,217.8,7,low,0,1
engineering,0.579,147.8,5,low,1,0
engineering,0.288,170.7,2,medium,0,1
support,0.591,147.4,7,low,0,0
engineering,0.55,154.5,9,low,0,0
engineering,0.774,163.2,4,low,0,0
operations,0.133,182.6,13,medium,0,0
engineering,0.368,177.4,9,low,0,0
support,0.911,217.9,9,medium,0,0
engineering,0.719,201.2,3,high,0,0
engineering,0.753,176.6,3,medium,0,0
sales,0.624,160.5,9,high,1,0
engineering,0.264,146.4,9,medium,1,0
engineering,0.957,237.7,0,low,0,0
support,0.936,128.3,13,medium,0,0
support,0.345,145.2,9,medium,1,0
sales,0.505,139.9,6,low,0,0
engineering,0.305,187.1,3,low,1,1
engineering,0.735,226.0,14,low,1,0
engineering,0.269,129.8,11,high,1,0
sales,0.467,122.9,0,low,0,0
sales,0.488,137.8,3,high,0,0
sales,0.959,157.3,8,high,0,0
sales,0.306,174.9,2,low,0,0
sales,0.648,197.0,5,high,0,0
engineering,0.755,158.0,14,high,0,0
sales,0.973,,8,low,1,0
operations,0.436,187.3,14,medium,1,0
sales,0.192,215.0,4,medium,0,0
support,0.233,158.5,9,low,0,0
operations,0.971,241.7,4,medium,0,0
operations,0.7,172.6,7,medium,0,0
engineering,0.469,160.6,6,high,1,0
operations,0.407,134.6,1,low,0,0
engineering,0.598,180.6,1,low,0,1
operations,0.702,,9,high,0,0
engineering,0.721,179.3,9,low,0,0
support,0.842,141.6,9,medium,0,0
engineering,0.617,217.1,7,low,0,0
sales,0.836,197.0,11,low,0,0
sales,0.41,213.4,12,medium,1,1
sales,0.42,115.8,2,low,0,0
sales,0.666,175.3,10,high,1,0
sales,0.542,174.1,0,low,0,0
engineering,0.461,195.0,3,medium,0,0
engineering,0.14,176.1,2,high,0,0
operations,0.585,206.1,6,high,0,0
engineering,0.317,161.8,8,high,0,0
support,0.428,134.3,12,low,1,0
engineering,0.823,170.3,1,medium,0,0
support,0.581,146.6,11,low,0,0
engineering,0.198,170.6,3,low,0,0
operations,0.274,189.4,5,low,0,0
sales,0.605,181.9,2,medium,0,0
support,0.372,152.2,7,medium,1,0
engineering,0.125,135.4,1,low,0,1
sales,0.439,195.2,7,low,0,1
support,0.352,198.1,14,high,0,0
sales,0.922,123.5,12,low,0,0
support,0.759,168.2,7,high,1,0
operations,0.426,107.4,3,low,1,0
engineering,0.328,153.6,0,low,0,0
sales,0.666,135.7,3,medium,0,0
sales,0.667,171.1,2,low,0,0
operations,0.137,169.7,1,low,1,1
support,0.864,176.9,8,low,0,0
operations,0.349,122.7,13,medium,1,0
support,0.895,148.6,2,low,0,0
operations,0.489,170.0,13,low,1,0
support,0.903,172.7,12,medium,1,0
engineering,0.376,215.2,1,medium,1,1
sales,0.484,219.6,5,low,0,0
operations,0.271,157.0,11,high,0,0
sales,0.568,194.4,10,medium,0,0
operations,0.862,191.3,7,low,0,0
operations,0.596,209.9,0,low,0,1
operations,0.696,131.1,7,low,1,0
operations,0.369,111.3,14,medium,0,1
operations,0.984,188.4,2,medium,0,0
sales,0.318,183.6,6,high,0,0
engineering,0.66,181.9,8,medium,0,0
sales,0.202,197.1,6,medium,0,0
engineering,0.5,216.1,10,low,0,0
operations,0.717,181.5,1,low,0,0
sales,0.71,123.0,5,medium,1,0
operations,0.213,194.8,11,medium,0,1
support,0.11,176.5,14,medium,1,0
sales,0.782,199.4,12,medium,0,0
operations,0.453,187.0,11,low,0,0
engineering,0.535,137.3,0,medium,0,0
sales,0.73,174.2,7,high,1,1
engineering,0.27,154.0,12,medium,1,1
operations,0.648,138.5,2,low,0,1
sales,0.173,197.5,4,low,0,1
sales,0.25,145.5,1,medium,0,1
operations,0.459,196.6,10,medium,0,0
sales,0.671,134.5,14,medium,1,0
sales,0.52,198.5,6,low,1,0
support,0.717,225.0,1,high,0,0
operations,0.477,137.0,3,low,0,1
sales,0.703,162.7,6,medium,0,0
operations,0.559,194.4,4,low,0,1
engineering,0.569,155.8,10,low,0,0
engineering,0.419,171.4,12,low,0,0
engineering,0.356,151.7,0,low,0,0
sales,0.854,178.4,7,medium,0,0
support,0.39,128.3,12,low,1,0
operations,0.24,154.4,10,medium,0,1
support,0.388,193.9,11,low,1,1
engineering,0.988,182.3,3,low,1,0
engineering,0.112,164.5,11,low,0,0
sales,0.237,141.2,9,high,1,1
operations,0.264,160.5,9,medium,1,0
engineering,0.192,,11,low,0,1
operations,0.183,136.7,6,low,0,0
support,0.739,138.8,1,medium,0,0
engineering,0.992,141.6,14,low,1,0
support,0.798,153.4,14,low,0,0
operations,0.336,177.0,1,medium,1,1
operations,0.346,185.3,3,low,0,0
engineering,0.942,149.2,6,low,0,0
engineering,0.174,201.2,0,medium,0,1
support,0.233,174.8,13,medium,0,0
engineering,0.194,176.8,6,high,0,1
engineering,0.524,143.6,5,medium,0,1
engineering,0.912,183.1,6,low,0,0
sales,0.711,190.3,5,low,0,1
operations,0.415,167.4,11,medium,1,0
engineering,0.9,181.4,11,high,0,0
engineering,0.928,187.4,14,medium,0,0
operations,0.432,158.6,13,high,1,0
support,0.296,187.6,11,medium,0,1
sales,0.888,156.9,11,medium,1,0
support,0.978,164.3,0,medium,0,0
sales,0.385,154.8,8,low,0,0
sales,0.102,145.5,7,low,0,0
operations,0.796,172.9,3,low,0,1
engineering,0.464,178.4,5,low,0,1
engineering,0.504,209.3,0,medium,0,1
engineering,0.916,184.0,14,high,1,0
sales,0.454,184.5,13,medium,0,0
sales,0.99,184.1,8,high,0,0
support,0.587,151.2,11,medium,0,0
engineering,0.697,197.0,0,medium,0,0
sales,0.84,163.8,11,high,1,0
sales,0.489,165.5,5,medium,0,0
sales,0.996,210.0,11,high,0,0
operations,0.953,174.3,9,low,1,0
sales,0.731,184.8,12,medium,0,0
support,0.777,226.0,14,low,0,0
sales,0.615,152.4,1,low,0,0
engineering,0.847,163.4,12,medium,0,0
operations,0.117,155.7,12,low,0,0
support,0.551,117.0,9,low,1,0
sales,0.272,173.5,1,low,0,1
support,0.768,124.9,7,low,0,0
sales,0.835,189.4,8,low,0,0
sales,0.638,166.4,10,low,0,0
engineering,0.793,172.9,2,low,0,0
engineering,0.266,158.9,4,low,1,1
engineering,0.383,160.6,14,medium,1,0
support,0.693,142.0,1,medium,0,0
sales,0.412,106.6,6,medium,1,1
engineering,0.279,177.6,8,medium,1,1
operations,0.816,250.8,8,low,1,1
sales,0.267,201.3,1,low,0,0
engineering,0.739,154.7,6,low,0,1
sales,0.896,150.4,3,high,0,0
engineering,0.294,165.7,10,low,0,1
operations,0.747,196.3,10,medium,0,0
sales,0.458,161.7,9,medium,1,0
operations,0.215,,10,medium,1,0
operations,0.4,186.1,7,low,0,0
operations,0.154,226.0,9,low,0,0
engineering,0.264,175.2,2,low,0,0
sales,0.53,173.1,7,low,0,0
support,0.116,181.7,0,low,0,1
sales,0.974,176.8,12,medium,0,0
operations,0.664,188.0,1,medium,0,0
engineering,0.161,146.6,1,medium,0,0
sales,0.979,205.5,10,low,1,0
operations,0.154,179.3,12,low,0,1
sales,0.755,126.2,9,low,0,0
sales,0.525,167.0,8,medium,1,0
sales,0.217,183.1,14,low,1,0
engineering,0.67,165.3,2,low,0,0
engineering,0.829,229.0,7,low,0,0
operations,0.112,128.3,5,low,0,1
engineering,0.745,142.8,5,medium,0,0
engineering,0.873,149.7,2,low,1,0
engineering,0.761,223.9,1,low,0,0
sales,0.791,109.1,11,low,0,0
support,0.105,155.3,5,low,0,1
operations,0.446,186.2,13,medium,1,0
support,0.238,145.6,8,high,1,0
engineering,0.995,187.9,13,high,1,0
sales,0.357,189.5,7,low,1,1
support,0.919,139.6,14,high,0,0
operations,0.305,179.5,14,low,0,0
sales,0.446,112.2,7,low,0,0
engineering,0.332,198.5,8,low,0,0
engineering,0.749,191.4,8,medium,0,1
sales,0.285,202.2,10,medium,0,0
support,0.668,165.8,12,low,0,0
sales,0.808,132.6,3,medium,1,1
support,0.108,145.3,11,medium,0,0
engineering,0.815,97.9,2,high,1,1
sales,0.511,150.9,4,high,0,0
engineering,0.926,149.9,10,medium,0,0
operations,0.745,165.2,2,low,0,1
operations,0.208,154.6,4,low,0,1
engineering,0.962,141.0,0,medium,1,1
sales,0.86,119.5,1,high,0,1
engineering,0.702,144.2,12,low,0,0
support,0.738,174.0,5,low,1,0
operations,0.393,162.8,8,medium,0,0
support,0.909,194.8,12,low,0,0
sales,0.503,201.4,1,high,1,0
engineering,0.637,141.2,5,low,0,0
support,0.652,147.5,12,medium,0,0
operations,0.665,167.5,11,medium,0,0
support,0.448,122.5,7,medium,0,0
sales,0.778,210.8,3,high,1,0
support,0.748,234.0,8,low,0,0
sales,0.269,171.8,9,medium,0,0
operations,0.408,160.8,13,high,1,0
sales,0.553,147.9,6,low,0,0
engineering,0.417,155.0,0,high,1,1
sales,0.503,131.5,8,medium,0,0
engineering,0.774,,8,low,0,0
support,0.696,152.1,3,medium,0,0
support,0.689,169.1,10,medium,1,0
sales,0.265,217.8,4,low,1,1
support,0.342,143.3,0,low,0,0
engineering,0.719,217.6,8,medium,0,0
support,0.865,154.8,6,high,0,0
engineering,0.822,134.6,1,low,0,0
support,0.255,206.6,8,medium,1,0
operations,0.987,204.0,11,medium,1,0
sales,0.798,173.4,7,medium,0,0
engineering,0.548,139.6,4,low,1,0
operations,0.607,172.5,9,low,0,0
engineering,0.546,188.8,10,low,0,0
support,0.581,127.9,13,medium,1,0
sales,0.297,194.7,14,medium,0,1
support,0.215,136.7,6,low,0,0
engineering,0.933,165.0,4,medium,0,0
sales,0.875,164.4,3,low,1,0
sales,0.248,122.3,12,medium,0,0
sales,0.929,150.1,10,low,0,0
operations,0.115,,0,medium,0,0
operations,0.813,221.4,4,low,0,0
support,0.179,199.0,12,low,1,0
support,0.7,147.6,2,medium,0,0
support,0.667,173.1,7,medium,1,1
sales,0.439,186.4,3,medium,1,0
sales,0.695,84.8,2,low,0,0
operations,0.645,195.5,13,low,0,0
sales,0.433,186.2,6,low,0,0
support,0.106,176.0,4,medium,1,1
support,0.343,178.4,2,high,0,1
support,0.749,190.5,14,medium,0,0
operations,0.64,156.1,12,low,0,1
support,0.502,151.3,6,low,0,0
sales,0.353,107.9,6,low,0,0
support,0.773,182.1,3,medium,0,0
support,0.387,153.0,13,medium,0,0
engineering,0.61,154.2,9,medium,0,0
sales,0.4,177.7,7,high,0,0
engineering,0.686,154.0,4,low,1,1
operations,0.388,159.3,4,medium,0,0
sales,0.99,124.2,14,medium,0,0
operations,0.43,179.5,7,high,0,0
operations,0.735,147.9,1,high,1,1
sales,0.14,168.4,8,low,0,0
support,0.207,150.7,0,low,0,0
support,0.291,170.1,4,low,0,1
engineering,0.941,177.4,10,low,0,0
sales,0.831,172.5,2,medium,0,0
engineering,0.284,142.5,9,low,1,0
operations,0.963,164.9,14,medium,0,0
sales,0.155,228.2,2,high,0,0
engineering,0.875,209.6,8,medium,1,0
sales,0.541,159.9,5,low,0,0
sales,0.446,162.6,1,low,0,0
operations,0.268,190.5,11,low,0,1
operations,0.632,173.5,4,medium,0,0
support,0.259,198.3,6,low,1,0
support,0.188,197.6,11,low,0,0
operations,0.728,169.9,3,medium,0,0
sales,0.472,161.5,11,medium,0,0
engineering,0.255,153.3,10,low,0,1
sales,0.223,211.1,3,low,0,0
sales,0.906,185.8,0,medium,0,0
engineering,0.975,183.9,11,low,0,0
support,0.838,184.7,13,low,1,0
operations,0.176,200.4,12,medium,1,1
support,0.116,141.5,3,high,1,0
sales,0.808,163.0,9,low,0,0
operations,0.648,231.0,1,low,0,0
sales,0.809,,7,medium,0,0
support,0.99,225.6,10,low,0,0
operations,0.375,147.4,11,high,1,1
sales,0.984,161.2,8,medium,0,0
support,0.28,167.1,11,low,0,1
operations,0.561,143.6,7,medium,0,0
operations,0.966,,8,medium,0,0
sales,0.297,,5,low,0,0
operations,0.712,137.6,14,medium,0,0
sales,0.342,,4,low,1,1
support,0.511,158.5,4,medium,0,0
support,0.735,213.8,10,low,1,1
support,0.134,142.9,6,low,0,0
engineering,0.431,201.9,5,medium,0,0
sales,0.124,186.4,14,low,0,0
support,0.41,186.2,8,low,1,0
sales,0.441,162.7,8,low,0,0
operations,0.496,158.5,14,medium,0,0
engineering,0.397,168.7,3,low,1,0
support,0.497,183.5,2,low,0,0
sales,0.257,130.3,7,medium,0,0
engineering,0.843,151.5,3,medium,0,0
engineering,0.645,,0,medium,0,0
engineering,0.775,159.3,10,medium,1,0
sales,0.453,192.1,11,high,0,1
operations,0.649,,12,medium,1,0
engineering,0.113,147.5,13,low,0,0
support,0.832,214.0,6,low,0,0
engineering,0.939,195.1,2,low,0,0
operations,0.543,225.6,11,high,0,0
operations,0.549,153.7,11,low,0,0
support,0.453,146.2,7,low,0,0
operations,0.97,140.0,5,low,1,0
engineering,0.466,155.2,6,low,1,1
engineering,0.797,,13,low,1,0
engineering,0.873,190.8,1,low,1,0
operations,0.445,171.1,14,high,0,0
sales,0.515,229.5,7,high,1,1
operations,0.712,206.4,7,low,0,0
sales,0.369,152.4,4,low,0,0
sales,0.623,146.7,8,low,0,0
sales,0.201,200.1,14,high,0,0
operations,0.866,157.3,14,medium,0,0
sales,0.996,154.9,1,medium,1,0
operations,0.525,154.0,6,medium,1,0
operations,0.614,193.7,7,low,0,0
support,0.141,188.7,2,low,1,0
operations,0.295,132.2,4,high,1,0
engineering,0.597,225.8,8,low,0,0
sales,0.568,137.9,14,low,0,0
engineering,0.2,182.6,3,medium,1,0
sales,0.3,195.9,7,medium,1,1
operations,0.281,206.6,10,high,1,0
sales,0.565,171.8,1,high,0,0
engineering,0.438,93.6,2,low,0,0
operations,0.889,166.7,9,low,0,0
support,0.188,96.1,6,medium,0,1
operations,0.682,154.0,9,low,0,0
engineering,0.112,178.4,13,low,0,0
operations,0.148,121.2,14,high,0,0
support,0.819,209.4,0,low,1,0
operations,0.183,148.8,8,high,0,1
operations,0.521,147.9,14,low,0,0
operations,0.207,,4,medium,0,0
operations,0.534,220.8,8,low,0,0
support,0.522,189.1,3,low,0,1
operations,0.813,,12,high,0,0
support,0.386,173.0,1,medium,0,1
engineering,0.145,172.3,5,medium,0,1
operations,0.159,191.1,0,high,0,1
sales,0.166,143.4,14,high,0,0
engineering,0.746,189.7,12,low,0,0
sales,0.14,192.7,13,low,0,1
sales,0.867,120.6,6,medium,1,0
operations,0.542,185.8,6,low,0,0
support,0.448,225.8,3,high,1,0
sales,0.656,170.8,5,low,0,0
sales,0.99,216.7,6,medium,0,0
sales,0.645,,5,medium,0,0
support,0.551,160.3,0,medium,0,1
engineering,0.305,173.4,4,medium,0,0
sales,0.257,172.0,11,medium,1,0
sales,0.155,161.2,8,medium,0,0
sales,0.154,161.3,1,low,1,1
support,0.675,155.5,4,low,1,1
sales,0.207,169.6,10,low,1,1
operations,0.309,172.4,9,medium,0,1
sales,0.931,183.2,14,low,0,0
sales,0.146,183.4,11,medium,0,0
engineering,0.471,164.8,11,low,0,1
operations,0.887,132.5,9,low,0,0
operations,0.763,211.1,3,high,0,1
support,0.412,169.8,12,low,0,0
engineering,0.887,157.6,12,high,1,0
operations,0.331,162.0,4,medium,1,1
engineering,0.662,225.2,9,medium,1,1
engineering,0.933,114.0,4,medium,0,0
engineering,0.945,193.7,10,medium,1,0
sales,0.587,142.2,6,medium,1,0
sales,0.948,182.6,6,high,1,0
engineering,0.418,235.5,6,medium,1,0
support,0.637,151.5,13,medium,0,0
sales,0.428,148.8,14,medium,1,0
sales,0.277,160.7,4,low,0,0
support,0.904,216.6,12,low,0,0
engineering,0.621,138.0,2,low,0,0
engineering,0.301,150.6,6,medium,0,0
support,0.964,176.5,4,low,0,0
support,0.199,183.1,3,medium,0,1
engineering,0.777,186.3,12,low,0,0
support,0.577,210.4,7,low,0,0
support,0.153,177.9,12,low,0,0
sales,0.175,177.6,12,low,0,1
engineering,0.479,147.1,11,low,1,0
support,0.124,132.5,5,low,1,1
engineering,0.592,162.1,5,medium,0,0
sales,0.386,148.3,10,medium,0,0
engineering,0.813,176.9,1,low,0,0
sales,0.287,168.3,13,low,0,0
support,0.508,193.5,9,low,1,0
support,0.739,159.8,11,medium,0,0
engineering,0.235,,11,medium,0,0
support,0.841,169.2,8,low,0,0
operations,0.914,88.3,13,medium,0,0
engineering,0.274,199.0,7,medium,0,1
sales,0.8,161.1,5,medium,0,0
engineering,0.867,193.0,1,high,0,0
engineering,0.3,179.5,1,medium,0,0
support,0.197,,4,low,0,0
engineering,0.89,133.2,6,high,0,0
engineering,0.989,165.8,12,low,1,0
engineering,0.726,202.9,9,high,0,0
support,0.759,165.7,3,low,1,0
sales,0.331,,4,medium,0,0
operations,0.129,249.9,9,medium,0,1
operations,0.922,142.3,9,low,0,0
engineering,0.676,142.2,1,high,0,0
engineering,0.298,208.6,7,low,0,0
support,0.141,214.5,8,low,1,0
engineering,0.143,171.9,2,high,0,0
sales,0.165,177.4,7,high,0,0
sales,0.804,124.6,2,low,0,0
operations,0.794,171.4,5,low,1,0
engineering,0.16,165.3,8,low,1,1
sales,0.503,168.5,14,medium,1,0
sales,0.672,,12,medium,0,0
support,0.54,152.0,7,low,1,1
operations,0.157,121.0,2,low,0,0
sales,0.72,185.8,9,medium,0,0
support,0.167,167.4,3,low,1,1
sales,0.684,122.9,5,low,0,0
operations,0.107,165.3,0,high,1,0
engineering,0.79,154.9,1,low,0,0
support,0.489,163.8,8,medium,0,0
sales,0.584,,5,medium,0,1
engineering,0.776,138.7,0,medium,0,0
support,0.651,145.7,10,low,0,0
operations,0.185,121.8,6,low,0,1
support,0.348,161.2,10,low,0,0
sales,0.743,176.0,2,high,0,0
support,0.228,178.2,4,medium,0,0
support,0.477,165.5,7,medium,0,0
engineering,0.378,130.5,4,medium,0,0
operations,0.759,180.2,12,low,0,0
sales,0.593,150.5,11,high,0,0
support,0.557,191.6,0,medium,1,0
engineering,0.865,218.9,1,medium,0,0
operations,0.786,172.4,13,low,1,0
engineering,0.513,176.6,11,medium,1,0
sales,0.527,185.3,8,low,0,1
engineering,0.675,170.6,1,medium,0,0
sales,0.547,235.9,13,medium,0,1
sales,0.945,148.6,14,low,1,0
engineering,0.529,143.2,5,low,0,1
operations,0.2,193.1,3,medium,0,0
engineering,0.766,170.7,5,medium,1,0
sales,0.921,172.4,1,low,0,0
engineering,0.839,177.9,4,medium,1,0
support,0.202,167.8,12,low,0,1
support,0.569,174.3,12,low,1,0
sales,0.92,248.6,11,high,1,0
operations,0.756,172.2,12,low,0,0
support,0.614,221.1,9,medium,0,0
support,0.556,176.4,2,low,1,1
engineering,0.212,131.9,3,medium,0,1
engineering,0.365,194.9,14,medium,1,1
engineering,0.171,127.1,1,low,1,1
operations,0.858,204.4,3,medium,1,0
engineering,0.148,139.6,6,low,0,1
engineering,0.425,196.9,9,medium,0,0
support,0.569,187.7,1,medium,0,0
operations,0.875,170.2,14,high,0,0
engineering,0.407,219.6,8,medium,0,0
sales,0.749,194.3,1,medium,0,0
sales,0.233,225.1,9,low,0,0
support,0.244,181.7,9,high,1,1
engineering,0.972,206.6,14,low,0,0
operations,0.255,189.1,6,medium,0,0
sales,0.427,173.0,10,high,1,0
engineering,0.789,185.7,10,medium,0,0
engineering,0.616,159.2,5,medium,0,1
engineering,0.155,223.2,0,low,1,0
operations,0.374,211.2,2,low,0,0
sales,0.223,117.6,11,medium,0,0
sales,0.272,199.2,3,low,0,0
operations,0.451,151.5,3,medium,0,0
operations,0.359,153.6,4,medium,0,0
sales,0.387,150.6,3,medium,1,1
operations,0.813,156.3,3,medium,1,0
engineering,0.888,159.2,8,high,1,1
sales,0.337,142.8,9,medium,0,0
operations,0.522,165.3,6,low,0,0
engineering,0.597,198.4,11,medium,0,0
sales,0.887,188.2,10,medium,0,0
engineering,0.276,188.0,10,low,0,0
sales,0.631,190.3,1,medium,0,0
sales,0.457,155.4,10,low,0,1
engineering,0.206,196.9,12,low,0,0
support,0.268,175.9,10,medium,1,1
operations,0.452,135.3,7,medium,0,0
support,0.304,134.9,6,medium,1,1
engineering,0.992,154.5,14,high,1,0
sales,0.399,139.1,3,low,0,0
engineering,0.432,186.2,7,medium,0,0
sales,0.274,158.6,12,low,1,1
engineering,0.377,159.6,3,low,1,1
engineering,0.106,158.2,5,high,0,0
operations,0.195,168.7,3,medium,0,0
sales,0.576,245.7,2,medium,1,0
sales,0.611,123.4,14,high,0,0
sales,0.283,125.1,4,medium,0,0
sales,0.729,158.5,3,low,0,0
support,0.533,165.7,13,low,0,1
sales,0.117,126.0,4,low,1,0
operations,0.528,,4,medium,0,0
engineering,0.246,108.9,12,medium,0,0
sales,0.19,200.0,3,low,1,1
engineering,0.701,146.7,5,low,0,0
support,0.598,190.2,11,high,1,0
engineering,0.168,197.8,5,medium,1,1
operations,0.536,188.0,5,low,0,1
operations,0.121,148.4,1,low,0,1
sales,0.615,148.9,8,low,1,0
support,0.738,179.9,3,low,1,0
support,0.634,127.3,3,low,0,0
operations,0.86,165.1,0,medium,1,0
sales,0.988,168.8,13,medium,1,0
engineering,0.517,164.7,6,medium,1,0
sales,0.959,160.2,13,medium,1,0
support,0.332,185.4,8,high,0,1
sales,0.861,255.7,0,low,0,1
sales,0.563,179.9,7,medium,0,0
sales,0.297,189.2,9,medium,0,1
engineering,0.683,212.6,11,medium,0,0
sales,0.743,143.9,7,low,0,0
sales,0.343,210.0,6,medium,0,1
sales,0.669,175.2,1,medium,1,0
operations,0.538,173.0,0,high,0,0
engineering,0.78,210.4,13,low,1,0
engineering,0.513,194.3,7,low,0,0
operations,0.129,,5,medium,1,0
engineering,0.448,127.1,9,high,0,0
operations,0.248,140.2,1,high,0,0
operations,0.225,,7,medium,1,1
operations,0.669,,3,medium,0,1
operations,0.246,189.6,6,medium,1,1
support,0.598,186.0,9,low,0,0
support,0.297,202.7,4,medium,0,0
operations,0.75,131.3,13,medium,1,0
support,0.81,145.8,2,high,1,0
engineering,0.889,157.1,2,low,0,0
sales,0.849,148.3,6,low,1,0
sales,0.841,149.3,14,medium,0,0
operations,0.155,137.1,12,low,0,1
support,0.108,198.7,11,low,0,1
sales,0.757,,5,low,1,0
sales,0.656,161.5,4,medium,1,0
support,0.137,170.1,10,low,1,1
operations,0.287,148.1,2,medium,0,0
operations,0.534,197.3,14,low,0,1
engineering,0.676,192.5,9,low,0,0
support,0.559,204.1,14,high,0,0
engineering,0.991,160.2,5,high,1,0
support,0.514,79.4,10,medium,0,0
sales,0.26,210.1,12,high,0,1
engineering,0.112,198.3,3,low,1,0
support,0.447,192.1,7,high,1,0
sales,0.363,133.7,13,high,0,0
engineering,0.568,148.1,3,medium,0,0
support,0.436,194.4,11,low,0,0
sales,0.244,179.1,6,low,1,1
sales,0.806,129.7,8,low,0,0
sales,0.849,177.2,0,medium,0,0
support,0.757,129.7,7,medium,0,0
support,0.248,209.6,3,medium,1,0
operations,0.767,211.4,12,medium,1,1
operations,0.979,165.6,4,low,0,0
engineering,0.368,161.8,11,low,0,0
support,0.88,149.9,12,low,0,0
support,0.348,193.2,2,low,0,1
operations,0.103,190.5,4,low,1,1
operations,0.483,137.3,2,low,0,0
operations,0.507,173.4,8,medium,0,0
sales,0.453,151.3,3,medium,0,0
engineering,0.828,186.2,0,medium,1,0
sales,0.959,225.0,6,low,0,0
engineering,0.97,183.7,6,low,0,0
sales,0.102,102.5,3,high,0,1
operations,0.9,143.2,1,low,0,0
sales,0.462,203.4,0,low,0,1
sales,0.225,209.0,8,low,0,0
support,0.459,164.8,4,medium,1,1
sales,0.269,134.6,13,high,0,0
sales,0.935,162.5,4,low,0,0
operations,0.243,159.6,5,medium,1,1
operations,0.195,152.5,11,medium,0,0
engineering,0.182,163.1,0,low,1,1
operations,0.566,157.6,12,medium,0,0
support,0.858,225.7,4,medium,0,0
support,0.76,155.0,14,low,0,0
operations,0.512,152.4,2,high,0,1
sales,0.121,196.2,0,low,1,1
operations,0.235,183.2,8,medium,1,0
operations,0.579,154.6,3,high,0,0
operations,0.33,176.8,7,medium,1,1
operations,0.873,201.8,13,medium,1,0
engineering,0.955,134.8,5,low,0,0
support,0.561,168.0,7,low,0,0
engineering,0.637,,14,low,1,0
support,0.423,201.0,5,high,1,0
operations,0.759,188.2,5,low,1,0
sales,0.451,236.2,10,low,0,1
operations,0.846,152.5,1,medium,1,0
support,0.665,156.0,10,medium,1,1
support,0.265,159.0,1,medium,1,1
operations,0.214,184.3,6,low,1,1
support,0.91,167.3,12,low,1,1
operations,0.557,205.2,10,medium,1,0
engineering,0.386,156.8,6,low,1,1
operations,0.257,138.3,0,medium,0,1
sales,0.94,113.7,6,low,1,0
operations,0.996,157.9,13,high,0,0
engineering,0.892,201.8,0,low,0,0
engineering,0.763,194.2,12,low,0,0
sales,0.322,171.9,13,low,0,0
support,0.901,152.0,4,medium,0,0
operations,0.135,187.2,7,medium,1,1
operations,0.26,161.6,4,low,1,1
sales,0.621,233.3,12,medium,1,0
engineering,0.233,159.5,6,low,1,0
sales,0.876,168.6,12,low,0,1
engineering,0.746,186.7,12,low,0,0
sales,0.624,121.8,1,low,1,0
engineering,0.723,178.4,8,low,0,0
operations,0.357,181.9,5,high,1,1
support,0.525,210.1,14,low,0,0
engineering,0.158,133.2,4,high,1,1
support,0.89,173.6,1,medium,0,1
support,0.135,158.1,8,high,0,0
engineering,0.143,,3,medium,0,0
engineering,0.58,219.5,1,low,1,1
sales,0.588,136.4,3,medium,0,0
operations,0.427,242.8,13,medium,0,0
sales,0.415,183.4,4,low,1,0
sales,0.547,185.0,1,low,1,1
engineering,0.653,151.7,8,low,1,0
support,0.473,157.6,12,medium,0,0
operations,0.961,171.2,12,high,0,0
operations,0.533,139.0,1,low,0,0
sales,0.163,187.0,11,high,0,0
support,0.135,200.0,0,medium,0,0
support,0.265,152.3,0,high,0,1
engineering,0.586,105.3,11,low,1,1
support,0.92,130.4,0,medium,0,0
sales,0.61,176.2,3,medium,0,0
engineering,0.766,162.2,5,medium,0,0
engineering,0.445,154.1,13,high,1,0
operations,0.69,139.5,0,low,1,1
engineering,0.739,128.7,2,medium,0,0
sales,0.664,,9,low,0,1
engineering,0.305,229.2,4,high,0,0
sales,0.704,192.8,7,medium,0,0
operations,0.426,181.0,10,medium,0,0
engineering,0.869,164.2,10,medium,1,0
support,0.453,164.3,11,medium,0,0
operations,0.27,164.6,10,medium,0,0
engineering,0.319,153.3,7,low,1,0
engineering,0.533,173.4,12,medium,1,0
sales,0.684,203.2,8,low,0,0
sales,0.958,150.5,8,low,0,0
sales,0.123,192.9,5,medium,1,1
sales,0.414,184.7,7,medium,1,1
support,0.638,192.9,9,low,0,0
support,0.456,179.6,7,low,0,0
operations,0.93,185.0,3,medium,1,0
engineering,0.513,188.4,9,high,1,0
sales,0.476,191.6,0,medium,0,0
operations,0.419,191.0,12,high,0,0
support,0.107,184.2,8,medium,1,0
operations,0.433,185.5,4,medium,1,0
engineering,0.475,144.5,3,medium,0,0
engineering,0.465,208.2,2,high,1,0
engineering,0.816,203.0,1,medium,1,0
support,0.588,148.6,6,low,0,0
operations,0.804,117.4,13,low,0,0
sales,0.222,149.7,11,high,1,0
support,0.523,,1,low,0,1
sales,0.738,164.2,14,low,1,0
support,0.575,213.1,8,medium,0,0
sales,0.824,153.3,7,low,0,0
engineering,0.307,184.2,10,high,0,0
sales,0.816,153.1,0,medium,0,0
engineering,0.888,206.1,2,high,1,0
engineering,0.216,194.1,12,high,0,0
support,0.865,196.3,5,medium,0,0
engineering,0.381,163.0,0,medium,0,0
engineering,0.191,134.0,14,medium,0,0
engineering,0.316,167.3,7,high,1,1
sales,0.59,149.7,13,low,0,1
sales,0.336,170.4,11,low,0,1
engineering,0.33,187.7,4,low,0,0
engineering,0.206,103.9,1,medium,0,0
sales,0.955,174.2,4,medium,1,0
sales,0.394,108.0,12,medium,0,0
support,0.4,172.3,0,high,0,0
operations,0.529,170.6,2,medium,0,0
sales,0.92,178.9,4,medium,0,0
engineering,0.203,156.5,13,low,1,1
support,0.916,133.4,6,low,0,0
support,0.622,184.6,4,low,0,1
operations,0.274,217.9,11,medium,0,0
engineering,0.914,194.5,6,medium,0,0
sales,0.637,130.1,3,medium,0,0
engineering,0.749,,11,medium,0,1
engineering,0.411,157.4,2,medium,0,1
engineering,0.906,185.6,11,medium,0,0
operations,0.526,153.5,2,medium,0,1
engineering,0.121,168.0,10,medium,0,0
sales,0.839,134.8,1,high,0,0
sales,0.712,159.5,6,high,1,0
operations,0.695,171.5,4,low,0,0
support,0.445,158.8,10,low,1,0
operations,0.255,184.4,9,low,0,0
sales,0.969,187.5,4,high,1,0
support,0.625,196.8,7,medium,0,0
engineering,0.622,160.1,14,high,1,0
sales,0.258,153.1,6,medium,1,1
support,0.243,175.1,5,medium,0,0
engineering,0.576,98.0,3,high,0,0
operations,0.434,152.1,1,medium,0,0
support,0.531,187.9,6,medium,0,1
engineering,0.209,181.7,10,medium,1,0
sales,0.867,166.1,2,low,0,0
engineering,0.871,165.4,0,low,0,0
operations,0.764,127.1,9,low,0,0
operations,0.397,207.4,7,high,1,0
sales,0.34,190.1,12,medium,0,0
engineering,0.78,177.7,4,medium,0,0
operations,0.887,163.4,9,low,0,0
engineering,0.545,171.2,10,high,1,1
operations,0.532,204.2,5,medium,1,1
sales,0.562,173.4,12,medium,1,0
support,0.498,,11,medium,0,1
sales,0.979,,12,high,1,0
sales,0.483,195.9,6,low,0,0
sales,0.314,132.0,0,medium,1,0
engineering,0.799,148.8,1,low,1,0
sales,0.117,180.5,12,medium,0,0
operations,0.249,165.8,3,medium,0,1
operations,0.308,146.0,7,low,0,1
engineering,0.247,158.4,6,low,1,1
support,0.91,208.9,4,low,0,0
engineering,0.217,125.9,9,low,1,1
sales,0.187,116.7,11,medium,0,1
engineering,0.409,129.8,9,low,0,0
support,0.463,155.6,0,medium,0,0
support,0.684,181.0,4,medium,0,0
sales,0.854,141.8,10,low,0,0
operations,0.468,220.5,1,low,0,1
operations,0.926,157.0,13,low,0,0
support,0.122,211.2,2,low,1,1
support,0.429,170.5,12,low,0,0
engineering,0.805,222.7,3,low,1,1
engineering,0.328,136.7,2,low,0,0
sales,0.326,222.4,9,low,0,1
sales,0.875,184.2,13,low,0,0
operations,0.374,196.6,3,high,0,1
operations,0.936,155.4,3,low,0,0
operations,0.57,184.3,7,high,0,0
sales,0.711,216.7,3,low,1,0
operations,0.803,128.7,14,medium,0,0
engineering,0.676,178.5,14,low,1,0
engineering,0.504,145.8,13,medium,0,0
sales,0.12,196.4,3,low,0,0
operations,0.916,182.1,3,low,1,1
operations,0.93,125.9,8,medium,1,0
engineering,0.467,137.1,9,high,1,0
support,0.906,259.6,2,low,0,1
engineering,0.252,136.6,6,low,0,0
support,0.193,154.6,6,low,0,0
engineering,0.396,199.1,10,medium,1,1
support,0.892,150.9,14,high,0,0
sales,0.776,181.7,13,medium,1,0
engineering,0.877,212.1,1,medium,0,0
engineering,0.971,184.1,3,low,1,0
engineering,0.148,153.9,9,low,0,0
sales,0.231,153.6,2,low,1,1
operations,0.867,123.5,0,high,1,0
operations,0.901,214.9,5,low,0,0
support,0.983,198.5,1,medium,1,0
operations,0.44,168.3,9,low,0,1
support,0.344,149.6,0,low,0,0
support,0.245,212.4,4,low,0,0
support,0.617,204.6,2,low,0,1
support,0.715,150.2,11,medium,1,0
sales,0.693,161.6,3,low,0,1
sales,0.735,,7,medium,0,0
engineering,0.307,162.8,4,low,0,0
sales,0.194,156.8,9,high,0,0
support,0.382,161.3,13,medium,1,0
operations,0.766,181.5,5,low,0,0
engineering,0.807,141.6,1,low,1,1
support,0.482,186.6,1,low,0,0
engineering,0.298,167.3,7,low,1,1
sales,0.436,152.1,7,medium,1,0
engineering,0.202,158.4,0,low,0,0
engineering,0.256,167.7,1,medium,0,1
support,0.968,174.3,9,medium,0,0
sales,0.309,153.0,6,medium,0,0
support,0.738,153.0,4,low,1,0
sales,0.828,175.5,2,low,0,0
sales,0.995,145.5,12,medium,0,0
operations,0.236,147.7,3,medium,1,0
engineering,0.128,176.7,3,medium,0,1
operations,0.532,118.7,11,low,0,0
engineering,0.98,171.8,11,low,0,0
sales,0.163,155.0,13,low,0,1
sales,0.67,140.8,2,low,0,0
sales,0.389,201.6,12,medium,0,0
support,0.567,99.4,5,low,1,0
engineering,0.989,169.9,10,low,1,0
sales,0.298,212.2,6,medium,0,0
engineering,0.108,140.4,12,low,0,1
engineering,0.786,182.2,11,low,0,0
operations,0.645,150.8,14,low,1,0
sales,0.52,194.5,11,low,0,0
engineering,0.798,207.9,14,medium,0,0
engineering,0.604,161.4,1,high,1,0
operations,0.401,206.8,11,low,0,0
operations,0.69,207.1,3,low,1,1
engineering,0.707,146.6,8,medium,0,0
engineering,0.977,184.3,0,low,0,0
support,0.22,162.0,13,low,0,1
engineering,0.365,161.7,10,medium,0,0
operations,0.638,185.8,11,low,1,0
engineering,0.754,151.5,1,high,0,0
operations,0.108,134.2,13,medium,0,0
operations,0.644,168.2,11,high,0,0
engineering,0.838,230.8,13,low,0,0
operations,0.913,207.0,4,low,0,0
support,0.892,194.0,6,low,1,0
engineering,0.895,117.0,8,high,1,0
support,0.632,175.5,6,medium,1,0
support,0.967,145.5,1,low,0,0
engineering,0.707,178.8,5,low,0,1
sales,0.811,151.9,1,low,0,0
sales,0.16,,5,low,0,0
support,0.791,171.7,10,medium,0,0
operations,0.29,216.4,1,low,0,1
engineering,0.402,147.3,3,low,0,0
engineering,0.759,124.0,6,medium,1,0
sales,0.438,158.7,7,high,1,1
engineering,0.553,162.5,1,low,1,1
engineering,0.819,170.1,1,medium,0,1
operations,0.986,182.5,13,high,0,0
operations,0.485,147.0,4,high,0,0
engineering,0.252,188.4,13,medium,0,0
sales,0.591,193.6,7,low,1,1
support,0.998,158.3,14,high,0,0
support,0.763,159.3,14,medium,0,0
sales,0.109,198.5,13,high,1,0
sales,0.786,129.4,4,medium,0,0
sales,0.443,209.2,8,low,1,1
engineering,0.974,152.8,0,medium,0,0
sales,0.977,168.0,2,low,0,0
sales,0.428,,12,low,1,0
operations,0.857,167.0,13,medium,0,0
engineering,0.93,172.5,4,low,0,0
engineering,0.88,130.6,5,medium,0,0
support,0.651,164.2,5,low,1,0
sales,0.724,154.7,5,low,1,0
operations,0.232,176.9,0,low,1,0
sales,0.128,76.1,10,low,0,0
sales,0.342,217.8,12,low,1,0
engineering,0.562,148.6,5,medium,1,1
operations,0.257,241.9,10,low,1,1
support,0.378,210.0,11,low,0,0
support,0.855,126.8,0,low,0,0
operations,0.974,192.0,6,medium,0,0
sales,0.187,137.1,8,medium,0,0
engineering,0.684,162.4,1,low,0,0
engineering,0.794,158.3,11,medium,0,0
operations,0.554,124.6,9,high,0,1
engineering,0.431,201.7,0,medium,0,0
sales,0.915,136.1,11,low,1,0
support,0.888,155.6,13,medium,1,0
sales,0.586,201.6,4,medium,0,0
engineering,0.142,195.3,13,medium,0,0
engineering,0.709,222.5,14,high,0,0
support,0.628,161.3,3,medium,1,0
engineering,0.641,188.2,0,high,0,0
support,0.642,159.0,4,high,1,1
sales,0.156,186.7,11,medium,0,0
engineering,0.184,199.8,0,medium,0,0
engineering,0.873,153.7,8,low,0,0
operations,0.232,163.9,14,medium,1,0
engineering,0.646,157.1,13,low,0,0
engineering,0.177,167.8,9,low,1,1
engineering,0.33,178.2,7,medium,1,0
engineering,0.237,154.9,14,low,1,0
sales,0.692,199.2,13,low,0,0
support,0.265,174.9,6,low,0,0
engineering,0.178,222.0,13,medium,0,0
engineering,0.251,199.0,1,high,1,1
sales,0.192,171.6,14,medium,0,0
sales,0.919,212.9,0,high,0,0
sales,0.803,201.0,10,low,0,0
engineering,0.824,233.4,3,high,0,0
engineering,0.717,180.5,0,high,0,0
operations,0.64,152.3,7,low,0,1
support,0.517,222.0,13,low,0,1
operations,0.974,146.5,8,low,1,0
engineering,0.56,165.3,13,medium,1,0
operations,0.806,191.5,7,high,0,0
engineering,0.815,137.0,0,medium,0,0
sales,0.365,156.9,5,low,1,0
sales,0.37,131.1,10,low,0,1
engineering,0.86,152.6,9,low,0,0
support,0.289,159.9,2,medium,0,0
engineering,0.261,216.0,1,medium,0,1
engineering,0.498,161.1,1,high,0,0
operations,0.368,147.6,4,low,0,0
engineering,0.413,178.9,6,medium,0,0
operations,0.134,160.6,3,low,0,1
support,0.323,182.5,0,medium,0,0
operations,0.931,142.8,11,low,0,0
engineering,0.395,158.1,13,medium,0,0
sales,0.314,218.0,5,low,1,1
operations,0.552,155.0,7,low,0,0
engineering,0.921,147.7,6,low,0,0
sales,0.701,213.5,12,low,0,0
operations,0.409,166.1,2,high,0,0
engineering,0.656,155.7,2,medium,0,0
support,0.802,147.4,0,high,0,0
operations,0.949,167.5,10,low,0,0
sales,0.362,150.3,4,high,1,0
sales,0.202,227.4,13,high,0,0
sales,0.132,155.3,8,medium,0,0
engineering,0.377,185.1,1,medium,0,0
sales,0.374,158.7,11,low,0,0
sales,0.387,123.1,0,medium,0,0
support,0.451,152.3,7,low,1,1
operations,0.968,195.9,2,low,1,0
engineering,0.897,238.7,3,medium,0,0
sales,0.721,186.0,8,medium,0,0
operations,0.498,200.1,13,low,0,0
support,0.721,204.1,1,low,0,0
support,0.476,182.4,11,medium,1,1
sales,0.318,169.9,14,low,0,0
engineering,0.335,175.3,11,low,1,1
engineering,0.723,,4,low,0,0
sales,0.942,150.0,6,high,0,0
sales,0.837,183.5,12,low,1,0
operations,0.692,149.9,4,low,0,0
engineering,0.745,213.3,12,medium,1,0
operations,0.266,176.9,6,high,1,1
engineering,0.227,,2,low,0,1
sales,0.496,177.1,0,medium,0,1
engineering,0.273,157.8,11,medium,0,0
operations,0.385,212.7,1,high,0,0
support,0.522,143.1,12,low,0,0
sales,0.417,191.6,8,low,1,0
support,0.525,122.1,13,low,0,0
operations,0.701,220.1,0,low,0,1
sales,0.737,126.3,8,low,1,0
sales,0.108,155.7,7,low,0,0
support,0.754,221.6,6,medium,1,1
support,0.249,218.9,8,low,0,0
support,0.867,147.1,5,low,1,0
sales,0.26,245.2,0,high,0,0
engineering,0.373,211.2,11,low,0,0
support,0.108,177.3,3,low,0,0
operations,0.472,171.7,4,medium,0,0
engineering,0.386,182.1,6,medium,0,1
sales,0.524,165.1,6,medium,0,1
engineering,0.878,164.8,9,low,0,0
sales,0.97,164.2,14,medium,0,0
support,0.775,154.4,12,medium,0,0
operations,0.613,144.9,3,medium,0,1
sales,0.712,149.6,8,low,0,0
support,0.887,153.8,0,low,0,0
engineering,0.725,196.3,12,low,0,0
support,0.162,186.7,14,medium,1,0
sales,0.632,184.5,14,low,1,0
engineering,0.103,214.2,6,high,0,0
engineering,0.787,211.6,11,medium,0,0
sales,0.357,146.6,4,low,0,1
engineering,0.335,185.5,0,low,0,1
sales,0.326,117.1,8,medium,0,0
engineering,0.59,97.1,11,low,0,0
engineering,0.353,141.9,7,low,0,1
engineering,0.256,171.2,6,low,0,1
engineering,0.82,193.3,7,medium,0,0
support,0.711,162.8,9,low,1,0
operations,0.3,171.4,14,low,0,0
operations,0.83,208.3,5,medium,0,0
engineering,0.248,157.5,12,high,0,1
operations,0.775,160.0,11,medium,0,0
operations,0.573,163.2,10,low,0,0
engineering,0.636,,11,low,1,0
sales,0.434,227.0,10,medium,0,0
operations,0.357,164.5,10,low,1,0
operations,0.21,136.5,11,medium,0,0
sales,0.428,157.4,0,medium,0,0
operations,0.783,203.0,5,low,0,0
engineering,0.861,190.1,14,medium,0,0
operations,0.794,192.6,10,medium,0,0
operations,0.122,181.0,13,low,0,0
sales,0.105,188.0,14,medium,1,0
operations,0.238,158.9,9,low,0,1
support,0.508,178.5,12,high,0,1
support,0.628,180.0,12,low,1,0
sales,0.878,177.5,13,low,0,0
engineering,0.268,172.3,8,medium,0,0
engineering,0.918,250.2,8,low,1,0
sales,0.942,154.6,9,medium,0,0
operations,0.724,142.0,12,medium,0,0
sales,0.836,121.4,11,medium,0,0
support,0.596,172.5,1,high,0,0
support,0.161,196.5,4,low,0,0
sales,0.574,114.0,8,high,0,0
engineering,0.547,204.6,0,medium,0,0
support,0.444,218.1,6,medium,0,0
engineering,0.567,161.5,0,medium,0,0
support,0.791,176.0,3,high,0,0
sales,0.735,150.8,12,high,0,0
engineering,0.747,186.6,11,low,1,0
operations,0.197,98.9,6,low,1,1
engineering,0.725,198.5,7,medium,0,0
sales,0.102,146.3,5,medium,1,0
engineering,0.198,179.5,9,low,0,1
sales,0.926,195.0,9,high,0,0
operations,0.72,205.0,12,high,0,0
support,0.296,110.9,11,medium,1,0
engineering,0.302,135.2,2,low,1,1
support,0.639,150.9,4,medium,0,0
operations,0.411,138.9,7,low,0,1
sales,0.187,159.1,14,medium,0,0
sales,0.11,168.3,5,medium,0,0
engineering,0.645,182.4,8,medium,0,0
operations,0.557,200.4,10,low,1,0
engineering,0.856,162.0,6,low,0,1
engineering,0.772,164.1,3,medium,0,0
operations,0.735,182.2,8,medium,0,0
sales,0.71,106.8,4,low,0,0
support,0.401,167.4,8,medium,0,0
operations,0.645,138.6,7,medium,1,1
operations,0.507,108.8,14,medium,0,0
sales,0.62,167.0,8,low,1,0
sales,0.681,166.2,0,medium,0,0
sales,0.253,141.2,7,high,1,0
support,0.922,208.8,11,low,0,0
support,0.983,203.0,7,medium,0,0
engineering,0.527,248.3,14,high,0,0
engineering,0.317,155.6,1,low,1,1
engineering,0.184,125.9,14,low,0,0
engineering,0.614,176.4,0,high,0,0
sales,0.658,151.9,1,medium,1,0
sales,0.211,190.3,6,medium,1,0
support,0.857,156.4,9,low,0,0
support,0.24,180.5,14,low,0,0
support,0.153,155.4,7,low,0,0
engineering,0.272,138.5,5,low,0,0
sales,0.55,169.1,0,medium,0,0
sales,0.579,167.6,7,medium,0,0
operations,0.192,209.9,9,low,1,0
sales,0.633,160.8,0,low,0,1
support,0.124,163.3,7,low,0,0
operations,0.364,152.9,2,medium,0,1
support,0.918,197.5,6,medium,1,0
engineering,0.996,219.3,0,high,0,0
support,0.624,123.8,11,medium,1,1
operations,0.377,202.2,4,low,0,1
engineering,0.411,236.6,7,medium,0,1
engineering,0.753,175.6,11,medium,0,0
support,0.273,194.3,0,low,0,1
sales,0.5,160.1,9,high,0,0
sales,0.411,153.2,8,low,0,1
sales,0.388,141.4,4,low,1,1
sales,0.249,150.2,8,medium,0,0
engineering,0.223,149.9,14,low,1,0
engineering,0.42,,8,medium,0,0
sales,0.775,132.5,2,low,0,0
sales,0.542,166.3,7,high,0,0
sales,0.794,142.3,1,medium,0,0
sales,0.467,187.0,5,medium,1,0
sales,0.557,156.4,10,medium,1,0
operations,0.698,184.6,13,low,1,0
engineering,0.427,200.8,11,medium,0,1
sales,0.411,151.6,0,medium,1,1
sales,0.419,211.1,9,medium,0,1
operations,0.886,165.8,8,high,0,0
engineering,0.187,166.2,7,high,1,1
operations,0.679,190.9,10,medium,0,0
operations,0.389,173.9,11,low,1,1
engineering,0.675,228.0,8,low,1,0
sales,0.899,,11,medium,1,0
engineering,0.931,141.8,1,medium,0,0
operations,0.517,199.4,0,medium,1,1
engineering,0.976,204.5,1,medium,0,0
sales,0.859,154.1,5,low,1,0
sales,0.847,142.4,0,low,1,0
operations,0.91,182.4,2,medium,0,1
operations,0.714,,6,low,0,0
sales,0.269,154.8,6,low,1,1
sales,0.624,179.2,0,low,0,0
sales,0.956,145.6,8,low,0,0
engineering,0.529,152.5,14,medium,1,1
operations,0.574,200.8,7,low,0,0
engineering,0.948,,10,low,1,0
engineering,0.637,173.7,13,low,1,0
engineering,0.11,190.9,14,medium,1,0
support,0.932,160.3,12,low,0,0
sales,0.518,165.4,1,medium,1,0
operations,0.908,213.5,2,medium,0,0
operations,0.864,143.6,3,low,1,0
sales,0.621,179.9,7,medium,0,0
sales,0.287,174.8,4,low,0,1
sales,0.253,178.5,5,low,1,1
engineering,0.297,144.8,11,high,1,0
sales,0.339,207.2,14,low,0,0
engineering,0.933,201.3,2,medium,0,0
operations,0.97,139.0,6,low,0,0
operations,0.683,151.0,10,medium,1,0
support,0.523,133.0,10,medium,0,0
support,0.444,126.3,7,medium,1,0
support,0.1,163.2,3,low,0,0
engineering,0.989,141.8,12,low,1,0
sales,0.919,134.6,1,medium,0,0
engineering,0.188,197.2,1,low,1,1
support,0.822,136.4,14,low,0,0
engineering,0.764,190.6,7,medium,1,0
engineering,0.705,173.1,0,low,1,0
operations,0.388,146.7,4,high,0,0
support,0.907,209.3,9,high,1,0
sales,0.588,199.8,12,high,0,0
support,0.406,132.0,11,medium,0,0
support,0.309,195.1,8,low,0,0
operations,0.573,180.2,14,low,0,0
operations,0.453,143.6,12,low,0,0
operations,0.776,217.1,11,medium,0,0
support,0.435,157.7,2,low,0,0
engineering,0.524,190.5,10,low,1,1
operations,0.793,185.5,0,high,0,0
engineering,0.671,204.4,12,high,0,0
sales,0.427,154.6,13,medium,0,0
sales,0.3,136.4,1,high,0,0
sales,0.468,221.8,2,low,1,1
operations,0.527,,1,low,1,1
engineering,0.381,204.8,3,high,0,0
sales,0.562,186.2,13,low,0,0
support,0.816,135.0,8,medium,0,0
sales,0.645,155.3,10,low,1,0
sales,0.436,167.9,0,low,0,1
support,0.816,174.7,10,high,1,1
engineering,0.423,157.5,13,low,0,0
support,0.877,183.0,7,medium,1,0
operations,0.84,205.0,5,medium,0,0
support,0.949,179.0,12,high,1,0
engineering,0.302,162.1,4,low,0,0
support,0.622,230.8,7,medium,1,0
operations,0.283,162.5,0,low,0,1
engineering,0.464,172.7,1,low,1,0
operations,0.133,173.7,10,high,1,1
support,0.226,209.4,8,high,0,0
sales,0.742,161.7,1,high,1,0
operations,0.226,110.1,6,low,0,1
support,0.378,123.3,10,low,0,0
engineering,0.65,157.3,12,high,0,0
engineering,0.494,164.3,12,medium,0,0
engineering,0.598,102.3,4,medium,0,0
sales,0.749,214.7,9,medium,0,1
sales,0.205,188.6,1,high,0,0
sales,0.406,178.8,8,medium,0,0
engineering,0.683,175.9,0,medium,1,0
support,0.44,191.7,11,high,0,0
operations,0.567,170.6,7,low,1,0
sales,0.348,174.6,11,medium,0,0
sales,0.975,220.2,0,low,0,0
engineering,0.319,110.7,9,low,0,1
sales,0.234,166.9,5,low,1,1
support,0.82,137.1,14,low,1,1
support,0.614,195.7,10,medium,0,0
support,0.497,121.1,9,low,0,0
support,0.713,205.1,0,low,0,0
sales,0.556,,9,low,0,0
sales,0.876,147.2,11,low,1,0
sales,0.5,,3,medium,0,0
sales,0.578,150.1,9,low,0,0
sales,0.905,185.8,8,low,0,0
sales,0.654,189.0,10,high,0,0
support,0.121,177.3,6,medium,0,0
operations,0.331,129.2,0,high,0,0
engineering,0.235,167.1,8,medium,0,1
operations,0.156,140.5,4,low,0,1
support,0.766,170.7,0,high,0,0
engineering,0.467,167.4,8,low,0,0
operations,0.625,195.9,0,low,0,0
engineering,0.39,130.6,11,low,0,0
sales,0.393,154.1,4,low,0,1
operations,0.804,,11,medium,0,0
support,0.88,180.5,5,low,1,0
sales,0.203,122.7,10,high,0,0
engineering,0.554,194.5,9,high,1,0
sales,0.153,127.8,6,low,0,0
sales,0.351,156.5,12,low,0,0
operations,0.235,167.8,10,medium,0,0
sales,0.858,141.9,9,low,0,0
support,0.193,189.7,5,high,1,0
support,0.324,127.5,13,medium,1,1
engineering,0.328,152.5,5,medium,1,0
operations,0.175,176.4,9,low,0,0
operations,0.267,149.7,11,low,1,0
support,0.692,170.5,13,high,1,0
sales,0.527,234.6,9,low,1,0
support,0.358,195.7,3,medium,1,1
sales,0.982,118.9,13,low,1,0
engineering,0.188,168.6,10,low,0,1
sales,0.982,179.5,1,medium,0,0
operations,0.945,208.4,14,medium,0,0
support,0.359,184.0,7,low,1,1
support,0.392,182.6,7,medium,0,0
engineering,0.35,147.4,10,high,0,0
sales,0.748,195.0,9,low,1,0
operations,0.18,196.8,8,low,0,1
support,0.252,127.6,14,high,0,0
engineering,0.455,168.1,10,low,0,0
engineering,0.774,142.7,7,medium,0,0
engineering,0.631,116.3,12,medium,1,0
operations,0.471,157.1,13,low,1,0
support,0.615,174.2,11,medium,1,0
operations,0.822,172.8,7,medium,1,0
sales,0.692,155.5,9,medium,0,0
engineering,0.331,187.5,4,low,1,1
support,0.465,217.7,5,low,0,0
sales,0.418,201.1,14,low,0,0
engineering,0.378,149.7,0,medium,1,1
engineering,0.468,176.1,6,medium,1,0
sales,0.842,245.9,4,medium,0,0
engineering,0.315,185.2,12,low,0,1
operations,0.267,193.3,5,medium,0,0
sales,0.866,169.3,14,high,1,0
operations,0.336,214.1,14,high,0,0
support,0.4,174.7,5,medium,1,0
sales,0.161,183.4,0,medium,0,1
sales,0.521,128.2,2,high,0,0
engineering,0.778,,11,medium,0,0
sales,0.595,150.2,10,low,1,0
engineering,0.2,166.2,12,medium,0,0
engineering,0.9,,12,medium,1,1
sales,0.131,171.2,0,medium,1,1
engineering,0.348,170.0,1,high,1,1
sales,0.797,194.2,14,high,1,0
support,0.839,162.8,5,high,0,0
support,0.64,188.7,7,low,0,0
support,0.861,155.0,4,medium,1,0
support,0.538,174.1,10,medium,1,0
support,0.695,149.0,13,high,1,0
sales,0.853,170.1,5,low,0,0
engineering,0.546,168.7,6,low,0,0
engineering,0.196,117.9,4,low,1,0
support,0.408,173.8,3,medium,1,1
engineering,0.515,169.4,9,medium,0,0
operations,0.405,145.2,13,low,0,0
operations,0.485,179.6,5,high,1,0
operations,0.131,168.2,12,low,0,0
sales,0.761,163.6,12,high,0,0
sales,0.493,186.9,12,low,1,0
sales,0.769,125.2,13,low,0,0
operations,0.575,148.0,11,low,0,0
sales,0.999,196.4,11,low,1,0
support,0.524,150.7,6,low,1,0
operations,0.658,202.2,10,low,0,0
operations,0.35,138.5,8,medium,0,0
operations,0.663,131.3,6,medium,1,0
sales,0.968,181.9,0,medium,0,0
sales,0.151,187.0,4,low,0,1
support,0.641,240.8,13,low,1,0
sales,0.543,191.8,10,medium,0,0
support,0.319,167.6,12,high,0,0
sales,0.304,203.3,12,medium,0,0
engineering,0.199,163.6,5,medium,0,0
support,0.145,139.7,11,low,0,1
engineering,0.369,172.6,6,low,0,0
operations,0.757,191.4,9,high,1,0
engineering,0.849,192.8,1,medium,1,0
operations,0.147,191.5,5,low,0,0
sales,0.249,164.7,4,high,0,0
sales,0.9,211.5,6,high,1,0
sales,0.311,121.6,14,low,0,0
operations,0.486,141.4,9,medium,0,0
engineering,0.52,154.9,14,medium,0,0
engineering,0.579,135.6,13,low,0,0
support,0.358,148.1,10,low,0,1
support,0.951,119.1,12,medium,1,0
operations,0.198,162.3,10,medium,0,0
sales,0.359,140.5,13,high,1,0
operations,0.531,205.5,14,medium,0,0
engineering,0.378,182.9,3,medium,1,0
sales,0.151,141.6,9,high,1,0
support,0.527,193.9,3,medium,0,0
sales,0.686,138.4,11,medium,0,0
engineering,0.526,152.5,1,medium,1,1
engineering,0.168,153.5,2,low,1,0
sales,0.361,166.9,4,medium,0,1
operations,0.46,171.5,4,medium,0,0
sales,0.187,197.2,14,low,0,1
sales,0.786,197.0,2,medium,1,0
engineering,0.216,151.7,11,low,0,1
engineering,0.506,218.7,2,high,0,0
engineering,0.542,,14,low,0,0
support,0.869,187.0,11,low,0,0
support,0.935,186.5,7,medium,0,0
operations,0.949,213.8,14,low,0,0
engineering,0.477,157.3,13,medium,1,0
operations,0.293,141.4,2,medium,1,1
support,0.122,178.6,3,medium,1,0
sales,0.227,110.2,7,low,1,1
operations,0.874,115.2,12,low,0,0
support,0.353,167.9,6,low,0,1
support,0.318,154.4,13,medium,1,0
engineering,0.841,141.3,7,high,0,0
sales,0.775,154.4,11,low,1,0
engineering,0.605,201.9,1,low,0,0
support,0.521,140.5,4,medium,0,0
operations,0.105,140.1,12,low,1,1
support,0.752,171.4,1,low,1,0
operations,0.905,,0,medium,0,0
engineering,0.676,194.8,5,low,0,0
operations,0.454,196.9,6,high,0,0
engineering,0.995,194.4,6,medium,0,0
engineering,0.165,144.3,7,medium,0,0
